
INSERT INTO drzavnamatura.files (id, file_name, file_type) VALUES (1, '2988fe9356d6f227116af6c1e4360c09', '.png');
INSERT INTO drzavnamatura.files (id, file_name, file_type) VALUES (2, '6335caeec8976a477982022c31cd5a8b', '.png');
INSERT INTO drzavnamatura.files (id, file_name, file_type) VALUES (3, 'a5a4c17f4fff291fac0ff1fe5ced2306', '.png');
INSERT INTO drzavnamatura.files (id, file_name, file_type) VALUES (4, 'd712261aa4b213b92ed98db55250e005', '.png');
INSERT INTO drzavnamatura.files (id, file_name, file_type) VALUES (5, 'a93656d71de14de2d281a93b61f76d21', '.png');
INSERT INTO drzavnamatura.files (id, file_name, file_type) VALUES (6, '07638e8d47fbbcea1aae12cad2a23497', '.png');
INSERT INTO drzavnamatura.files (id, file_name, file_type) VALUES (7, '704a71595ad29ff9b43bd653529a6d58', '.png');
INSERT INTO drzavnamatura.files (id, file_name, file_type) VALUES (8, '94c57c0a71db191a7560b010225e7607', '.png');
INSERT INTO drzavnamatura.files (id, file_name, file_type) VALUES (9, 'f48c1c33f9f27385dd61005f94a65400', '.png');
INSERT INTO drzavnamatura.files (id, file_name, file_type) VALUES (10, '0c220439592913fa1878be17c2d38d6d', '.png');
INSERT INTO drzavnamatura.files (id, file_name, file_type) VALUES (11, 'ef129faaa3d806707e772c40a83f305a', '.png');
INSERT INTO drzavnamatura.files (id, file_name, file_type) VALUES (12, '9b43775bb92282c53c702d417d5b77ab', '.png');
INSERT INTO drzavnamatura.files (id, file_name, file_type) VALUES (13, '56e94f543c3c7e2e3ed9dc25d7d2f3f1', '.png');
INSERT INTO drzavnamatura.files (id, file_name, file_type) VALUES (14, '8b1b481513ba1502a7be9eaa22d48780', '.png');
INSERT INTO drzavnamatura.files (id, file_name, file_type) VALUES (15, '2eb0091bca35229881e42b2a121bf56c', '.png');
INSERT INTO drzavnamatura.files (id, file_name, file_type) VALUES (16, '26b188e1f6ba7f958a2ea62bddfc6525', '.png');
INSERT INTO drzavnamatura.files (id, file_name, file_type) VALUES (17, 'fa4f16e547a4ae64a453dce63f71b1bf', '.png');
INSERT INTO drzavnamatura.files (id, file_name, file_type) VALUES (18, '83bd452030c977fa38fcfdf5d9f30e3b', '.png');
INSERT INTO drzavnamatura.files (id, file_name, file_type) VALUES (19, 'f6570d19ce8838e578df8e6d1d12974b', '.png');
INSERT INTO drzavnamatura.files (id, file_name, file_type) VALUES (20, '0d7dbf3e91717753e377119ba57e0197', '.png');
INSERT INTO drzavnamatura.files (id, file_name, file_type) VALUES (21, '64f3114b24fcfc527e03fb3ce9ccedb8', '.png');
INSERT INTO drzavnamatura.files (id, file_name, file_type) VALUES (22, '9fa545a011291f40c378269adc7cb34d', '.png');
INSERT INTO drzavnamatura.files (id, file_name, file_type) VALUES (23, '91658c8d80ae8e673f1eef73b13b4b47', '.png');
INSERT INTO drzavnamatura.files (id, file_name, file_type) VALUES (24, '07065939b05460437febff073e2feec3', '.png');
INSERT INTO drzavnamatura.files (id, file_name, file_type) VALUES (25, '65be2b4030fc5e8364e2ceb870631eb8', '.png');
INSERT INTO drzavnamatura.files (id, file_name, file_type) VALUES (26, '33f54503010ee949acee1ea184c45abf', '.png');
INSERT INTO drzavnamatura.files (id, file_name, file_type) VALUES (27, 'f889555cd5f22928a5bac5a3c80ea823', '.png');
INSERT INTO drzavnamatura.files (id, file_name, file_type) VALUES (28, '2f41c21895a5a45ed9d2c9dd3d415726', '.png');
INSERT INTO drzavnamatura.files (id, file_name, file_type) VALUES (29, '97c65fce936ed3d87d95d037f23130fd', '.png');
INSERT INTO drzavnamatura.files (id, file_name, file_type) VALUES (30, 'af6fce8125c22243ecb29d264e08837d', '.png');
INSERT INTO drzavnamatura.files (id, file_name, file_type) VALUES (31, 'fb4ae9b899f14c4293c7f6f1dbf7329b', '.png');
INSERT INTO drzavnamatura.files (id, file_name, file_type) VALUES (32, '0557b3b85a7bf8561e8a2d0bd185791d', '.png');
INSERT INTO drzavnamatura.files (id, file_name, file_type) VALUES (33, '639ddd52faeebcbd2dbe06e12b7662aa', '.png');
INSERT INTO drzavnamatura.files (id, file_name, file_type) VALUES (34, '8f2074477d2d3b4f75adb08b4cf60520', '.png');
INSERT INTO drzavnamatura.files (id, file_name, file_type) VALUES (35, 'f5ebb39413f109d69afc2bb9a53c753d', '.png');
INSERT INTO drzavnamatura.files (id, file_name, file_type) VALUES (36, '56ff2f131fd6aea6a15828fb84a29fc6', '.png');
INSERT INTO drzavnamatura.files (id, file_name, file_type) VALUES (37, '51e9944b840cf604048e16db03e9469d', '.png');
INSERT INTO drzavnamatura.files (id, file_name, file_type) VALUES (38, '78cc72e2fe98c07b2bdb728ec6e13038', '.png');
INSERT INTO drzavnamatura.files (id, file_name, file_type) VALUES (39, 'f893b124993484cab80d3a597e0f734b', '.png');
INSERT INTO drzavnamatura.files (id, file_name, file_type) VALUES (40, 'a3e99548efe65013233a88a600f4f7d9', '.png');
INSERT INTO drzavnamatura.files (id, file_name, file_type) VALUES (41, '53b0266a44a618cf8a10c560b96f516e', '.png');
INSERT INTO drzavnamatura.files (id, file_name, file_type) VALUES (42, '33c8b41b75ff95a52c85b63c6b123ab9', '.png');
INSERT INTO drzavnamatura.files (id, file_name, file_type) VALUES (43, 'fb6f30b3f1d9ad7df125ff953cc1622f', '.png');
INSERT INTO drzavnamatura.files (id, file_name, file_type) VALUES (44, 'a5924959f4c5b6f653a371a98f15ad8a', '.png');
INSERT INTO drzavnamatura.files (id, file_name, file_type) VALUES (45, '6c0b2f880436d6d3287616afdca731bc', '.png');
INSERT INTO drzavnamatura.files (id, file_name, file_type) VALUES (46, 'a6865843cb38be915fd3f44c1f77b0d7', '.png');
INSERT INTO drzavnamatura.files (id, file_name, file_type) VALUES (47, '3affda77a5b810b649fac6d4f911e2a0', '.png');
INSERT INTO drzavnamatura.files (id, file_name, file_type) VALUES (48, 'ef76465fcc7bca741e219d8bcccbda4b', '.png');
INSERT INTO drzavnamatura.files (id, file_name, file_type) VALUES (49, 'e1c8ba9242f9b622687ed0c865fb2a97', '.png');
INSERT INTO drzavnamatura.files (id, file_name, file_type) VALUES (50, '71f1c96f32076e0d3b9f55fac1ddb52f', '.png');
INSERT INTO drzavnamatura.files (id, file_name, file_type) VALUES (51, '30396508a3126553a370f838dc5dd9b0', '.png');
INSERT INTO drzavnamatura.files (id, file_name, file_type) VALUES (52, '8bf05d51378761921beef70e10c70b28', '.png');
INSERT INTO drzavnamatura.files (id, file_name, file_type) VALUES (53, '3b1a589239e0cae5f9fbba70ffe351fb', '.png');
INSERT INTO drzavnamatura.files (id, file_name, file_type) VALUES (54, '2e0396987d3da9758ec7d6ede09027b5', '.png');
INSERT INTO drzavnamatura.files (id, file_name, file_type) VALUES (55, 'd21b0ee7cc640fe0d5f328f359e16da1', '.png');
INSERT INTO drzavnamatura.files (id, file_name, file_type) VALUES (56, '79f3ebd1244246d67026eb87be221392', '.png');
INSERT INTO drzavnamatura.files (id, file_name, file_type) VALUES (57, '7deb8bf472a838cbc9a85534b01703d1', '.png');
INSERT INTO drzavnamatura.files (id, file_name, file_type) VALUES (58, '02af3b5096ce84241228e706dd958494', '.png');
INSERT INTO drzavnamatura.files (id, file_name, file_type) VALUES (59, 'bb128b2e63da3b32882d21c0f8b54095', '.png');
INSERT INTO drzavnamatura.files (id, file_name, file_type) VALUES (60, '115e21de50e0f62b4b6cd3bb499d31c9', '.png');
INSERT INTO drzavnamatura.files (id, file_name, file_type) VALUES (61, 'ab5b661d8dd141a1cacb0ee2ac59ccc5', '.png');
INSERT INTO drzavnamatura.files (id, file_name, file_type) VALUES (62, '5df9ceb86b8d6fc076348effc869d62b', '.png');
INSERT INTO drzavnamatura.files (id, file_name, file_type) VALUES (63, 'e99518679e8023404b041c85be74ae48', '.png');
INSERT INTO drzavnamatura.files (id, file_name, file_type) VALUES (64, '7a8464c122a5e481da6d5babd2cb61b6', '.png');
INSERT INTO drzavnamatura.files (id, file_name, file_type) VALUES (65, 'abc144ec2dcb38bd1e851f8555187844', '.png');
INSERT INTO drzavnamatura.files (id, file_name, file_type) VALUES (66, 'e997c27dd527b642975a2a6308ba8e2e', '.png');
INSERT INTO drzavnamatura.files (id, file_name, file_type) VALUES (67, 'c939d93da73f69fc310d2d850cc00b31', '.png');
INSERT INTO drzavnamatura.files (id, file_name, file_type) VALUES (68, '23f7f3fdde9c11ada4c46dfc1cec97f4', '.png');
INSERT INTO drzavnamatura.files (id, file_name, file_type) VALUES (69, '8330c662176e78af1363fac476fa65b8', '.png');
INSERT INTO drzavnamatura.files (id, file_name, file_type) VALUES (70, 'b7ec92a7f955606412f1fcc4a9c0562e', '.png');
INSERT INTO drzavnamatura.files (id, file_name, file_type) VALUES (71, 'a8961c36f8f351ded68cbf8f48c2eb0b', '.png');
INSERT INTO drzavnamatura.files (id, file_name, file_type) VALUES (72, '5940408bcdb412177d7dbc1fb27a131c', '.png');
INSERT INTO drzavnamatura.files (id, file_name, file_type) VALUES (73, '8fe36681813a63e6d81467903a79f8e7', '.png');
INSERT INTO drzavnamatura.files (id, file_name, file_type) VALUES (74, 'aecf8290d93922b1f8e65db95ca57672', '.png');
INSERT INTO drzavnamatura.files (id, file_name, file_type) VALUES (75, '54a267711e9dcb4ebf42f776827ea76e', '.png');
INSERT INTO drzavnamatura.files (id, file_name, file_type) VALUES (76, 'faa60db00c34e948f2ec986622910654', '.png');
INSERT INTO drzavnamatura.files (id, file_name, file_type) VALUES (77, 'f352ba5abe14f0254dc0228228985df8', '.png');
INSERT INTO drzavnamatura.files (id, file_name, file_type) VALUES (78, '71e41315973aa21868bd92e422a17816', '.png');
INSERT INTO drzavnamatura.files (id, file_name, file_type) VALUES (79, '28b5052dae0fb10b7a67879c246fe0e4', '.png');
INSERT INTO drzavnamatura.files (id, file_name, file_type) VALUES (80, '8d43595419ec6e8bd2f8794b79047886', '.png');
INSERT INTO drzavnamatura.files (id, file_name, file_type) VALUES (81, '4d57e2fe463d790d6a165db159658f03', '.png');
INSERT INTO drzavnamatura.files (id, file_name, file_type) VALUES (82, '80bcb67969019caaf65fbad8c8cf043b', '.png');
INSERT INTO drzavnamatura.files (id, file_name, file_type) VALUES (83, 'ebc9099e4ca22307a949b005d1e6250e', '.png');
INSERT INTO drzavnamatura.files (id, file_name, file_type) VALUES (84, '7ad9f58cbeb56515a938a3c262dbb1ea', '.png');
INSERT INTO drzavnamatura.files (id, file_name, file_type) VALUES (85, '5a06c0b931eccb7872b2023dacbb82d9', '.png');
INSERT INTO drzavnamatura.files (id, file_name, file_type) VALUES (86, 'e2655bcd2f54ffcd730658ec4b96b8cc', '.png');
INSERT INTO drzavnamatura.files (id, file_name, file_type) VALUES (87, '717a63d48ba0c8a2e422d8e0ec82e294', '.png');
INSERT INTO drzavnamatura.files (id, file_name, file_type) VALUES (88, '5b682b000d604d626bdf3041d5b8acc7', '.png');
INSERT INTO drzavnamatura.files (id, file_name, file_type) VALUES (89, 'f96fe1dff18097ae04aa7cd25b4378e3', '.png');
INSERT INTO drzavnamatura.files (id, file_name, file_type) VALUES (90, '34639605a78143f23cf7d4c063ac2297', '.png');
INSERT INTO drzavnamatura.files (id, file_name, file_type) VALUES (91, 'ca931153b87e33c810e1eefe5348d411', '.png');
INSERT INTO drzavnamatura.files (id, file_name, file_type) VALUES (92, '7a0502894dd687d72d0b425dcba279f0', '.png');
INSERT INTO drzavnamatura.files (id, file_name, file_type) VALUES (93, 'cb6c3ce888f227f83170dab0c30ab794', '.png');
INSERT INTO drzavnamatura.files (id, file_name, file_type) VALUES (94, '5699697cd1561e27528c47ca1abaad51', '.png');
INSERT INTO drzavnamatura.files (id, file_name, file_type) VALUES (95, '8c41d965dc89065bdddbbcdfa584df40', '.png');
INSERT INTO drzavnamatura.files (id, file_name, file_type) VALUES (96, '328d90e45591b727638f388a1f77f897', '.png');
INSERT INTO drzavnamatura.files (id, file_name, file_type) VALUES (97, 'dd511ec84b01c85734eada030c79218c', '.png');
INSERT INTO drzavnamatura.files (id, file_name, file_type) VALUES (98, '6007bce7b143167a66c630fba5932fed', '.png');
INSERT INTO drzavnamatura.files (id, file_name, file_type) VALUES (99, '9c829220d114a4d1a3511885df0d86d9', '.png');
INSERT INTO drzavnamatura.files (id, file_name, file_type) VALUES (100, 'cdc864441dea925e6e50eb9b9011b56a', '.png');
INSERT INTO drzavnamatura.files (id, file_name, file_type) VALUES (101, '38be863557532c4b20fa7de015fae01f', '.png');
INSERT INTO drzavnamatura.files (id, file_name, file_type) VALUES (102, '09f2907afb61bc7b1be45f681330e09a', '.png');
INSERT INTO drzavnamatura.files (id, file_name, file_type) VALUES (128, 'a75941436be3b0a3b0bbe6beb54caab5', '.png');
INSERT INTO drzavnamatura.files (id, file_name, file_type) VALUES (129, '274177977dd34fb1bf140c67a2265892', '.png');
INSERT INTO drzavnamatura.files (id, file_name, file_type) VALUES (130, '570ed422c8663f42fc90311220bf0a89', '.png');
INSERT INTO drzavnamatura.files (id, file_name, file_type) VALUES (131, '60d884972daeb72e7fcbee2a9c34b415', '.png');
INSERT INTO drzavnamatura.files (id, file_name, file_type) VALUES (132, 'd7998a741395ee2b3870424f2770ec85', '.png');
INSERT INTO drzavnamatura.files (id, file_name, file_type) VALUES (133, 'c95feda3af59d2441ed5545352f95b28', '.png');
INSERT INTO drzavnamatura.files (id, file_name, file_type) VALUES (134, '527bd30dffb6917676e36ee0e216eb0c', '.png');
INSERT INTO drzavnamatura.files (id, file_name, file_type) VALUES (135, 'f343d1f5f24fbe8cebda57e5f8ed47ba', '.png');
INSERT INTO drzavnamatura.files (id, file_name, file_type) VALUES (136, '02e168b7a8e5c8fd5f71bbe9af9289fe', '.png');
INSERT INTO drzavnamatura.files (id, file_name, file_type) VALUES (137, '2ca29d9f39a6de996cd7bca767286535', '.png');
INSERT INTO drzavnamatura.files (id, file_name, file_type) VALUES (138, '8a61fa9781866d4df70e260bf3cce574', '.png');
INSERT INTO drzavnamatura.files (id, file_name, file_type) VALUES (139, '74ca26c20bb953361dd19f7b2e08f597', '.png');
INSERT INTO drzavnamatura.files (id, file_name, file_type) VALUES (140, '8ed0d8f6859c5bafe04e9f46101b3ed1', '.png');
INSERT INTO drzavnamatura.files (id, file_name, file_type) VALUES (141, '627ba171467a01a020f85bdd45b05475', '.png');
INSERT INTO drzavnamatura.files (id, file_name, file_type) VALUES (142, 'ec4a1d207326e08f232d515aa1e41cf6', '.png');
INSERT INTO drzavnamatura.files (id, file_name, file_type) VALUES (143, '282ab0333720ea8917a9c9dd4626cbfd', '.png');
INSERT INTO drzavnamatura.files (id, file_name, file_type) VALUES (144, 'f231c2a6e82afff97a59c12e9d6d5cb4', '.png');
INSERT INTO drzavnamatura.files (id, file_name, file_type) VALUES (145, 'd785b3fe5eadb0c777b415f6fe32d9b1', '.png');
INSERT INTO drzavnamatura.files (id, file_name, file_type) VALUES (146, '554d34443f7b2c61140521dca2573a78', '.png');
INSERT INTO drzavnamatura.files (id, file_name, file_type) VALUES (147, '735cf22de33fd388fc6805b37da03124', '.png');
INSERT INTO drzavnamatura.files (id, file_name, file_type) VALUES (148, '3f15cd2ffbee0afc1d22f20478c47185', '.png');
INSERT INTO drzavnamatura.files (id, file_name, file_type) VALUES (149, 'b2825ce9a3d0f10f4e9693a66d4a07e9', '.png');
INSERT INTO drzavnamatura.files (id, file_name, file_type) VALUES (150, '17fc570d230df0b55b1c975baadf78e5', '.png');
INSERT INTO drzavnamatura.files (id, file_name, file_type) VALUES (151, 'd87913126b98b409b3e5888d9874d180', '.png');
INSERT INTO drzavnamatura.files (id, file_name, file_type) VALUES (152, '8b2b2b4645d8ffced9360ba385d08a54', '.png');
INSERT INTO drzavnamatura.files (id, file_name, file_type) VALUES (153, '59003c5d45cb62591dc7413f7329f605', '.png');
INSERT INTO drzavnamatura.files (id, file_name, file_type) VALUES (154, '8b4ddf3294532b668458c08020245b28', '.png');
INSERT INTO drzavnamatura.files (id, file_name, file_type) VALUES (155, '780421f07eae21ace7fb24497f2d3c37', '.png');
INSERT INTO drzavnamatura.files (id, file_name, file_type) VALUES (156, '8cc1a6cdb0b3858af23750f8630dc030', '.png');
INSERT INTO drzavnamatura.files (id, file_name, file_type) VALUES (157, 'd4c619c2953c5090555663f1e0f652a6', '.png');
INSERT INTO drzavnamatura.files (id, file_name, file_type) VALUES (158, '310e3c5d8841eb7d7eb3edcc559f5647', '.png');
INSERT INTO drzavnamatura.files (id, file_name, file_type) VALUES (159, '036c723072a3a31819a0df3599b23825', '.png');
INSERT INTO drzavnamatura.files (id, file_name, file_type) VALUES (160, 'bda511abc2fc649eda7e74ea43e4fa86', '.png');
INSERT INTO drzavnamatura.files (id, file_name, file_type) VALUES (161, '2eafaafeea8b0eccc47b019c45769898', '.png');
INSERT INTO drzavnamatura.files (id, file_name, file_type) VALUES (162, '94584c7502ac359c9f1723c497dce3d6', '.png');
INSERT INTO drzavnamatura.files (id, file_name, file_type) VALUES (163, '02e55ce0835793eb8e5c65ce10cb4b9d', '.png');
INSERT INTO drzavnamatura.files (id, file_name, file_type) VALUES (164, 'a43e857462541e3579b99510cd74b086', '.png');
INSERT INTO drzavnamatura.files (id, file_name, file_type) VALUES (165, '02f5d1f02ced217910cd683e460739a2', '.png');
INSERT INTO drzavnamatura.files (id, file_name, file_type) VALUES (166, '16cfd1a066c2225fc9508a93bf54a3d1', '.png');
INSERT INTO drzavnamatura.files (id, file_name, file_type) VALUES (167, '63cb95586f8cc00a98104f8850844f88', '.png');
INSERT INTO drzavnamatura.files (id, file_name, file_type) VALUES (168, '6b489831fb2fa62b6e63dde21b222248', '.png');
INSERT INTO drzavnamatura.files (id, file_name, file_type) VALUES (169, '5f22d69ed60e0af37c7e884ab74c7f50', '.png');
INSERT INTO drzavnamatura.files (id, file_name, file_type) VALUES (170, '50c06dd1c8dba62becd3b82b4acac96e', '.png');
INSERT INTO drzavnamatura.files (id, file_name, file_type) VALUES (171, '67da9a9dbacdd61b7610ae3ffa0a037f', '.png');
INSERT INTO drzavnamatura.files (id, file_name, file_type) VALUES (172, 'fb4d0b0b21d76ffc28d5b2439d7197ed', '.png');
INSERT INTO drzavnamatura.files (id, file_name, file_type) VALUES (173, 'c5ecb50713134c16c72dcb8c96344079', '.png');
INSERT INTO drzavnamatura.files (id, file_name, file_type) VALUES (174, 'c0852e1aa68137c12179c501daec55ac', '.png');
INSERT INTO drzavnamatura.files (id, file_name, file_type) VALUES (175, '029a5e8fb36edcdfbca2d3993b7bc334', '.png');
INSERT INTO drzavnamatura.files (id, file_name, file_type) VALUES (176, '0bccc13124d9189f17fb9a74796c2db6', '.png');
INSERT INTO drzavnamatura.files (id, file_name, file_type) VALUES (177, 'a5e6c58711ac74319c5113d8f5748e65', '.png');
INSERT INTO drzavnamatura.files (id, file_name, file_type) VALUES (178, '509360247acf0bc009ecb8d006d31f9d', '.png');
INSERT INTO drzavnamatura.files (id, file_name, file_type) VALUES (179, 'abae3d78fb51692c42e73114ba63bedb', '.png');
INSERT INTO drzavnamatura.files (id, file_name, file_type) VALUES (180, '0755c196992fe88a2d5ab98b37ffcec5', '.png');
INSERT INTO drzavnamatura.files (id, file_name, file_type) VALUES (181, '260736cc14e538ae6251b78a1b4a9752', '.png');
INSERT INTO drzavnamatura.files (id, file_name, file_type) VALUES (182, 'd2a2956eb71ccceb84c425f060a9dffd', '.png');
INSERT INTO drzavnamatura.files (id, file_name, file_type) VALUES (183, 'f0fde78f0e081b32bbffe0ef5c39f108', '.png');
INSERT INTO drzavnamatura.files (id, file_name, file_type) VALUES (184, '8144e016e04c89c3cff081a288dea1d9', '.png');
INSERT INTO drzavnamatura.files (id, file_name, file_type) VALUES (185, '3e26a7b145f99115577bdf3efe14a8d3', '.png');
INSERT INTO drzavnamatura.files (id, file_name, file_type) VALUES (186, 'b7304f88f24cdcf71e136654a38ff7bf', '.png');
INSERT INTO drzavnamatura.files (id, file_name, file_type) VALUES (187, 'a93e3d9bb1e001b5956cbb18f6cd4aa5', '.png');
INSERT INTO drzavnamatura.files (id, file_name, file_type) VALUES (188, '17d887a142c1f710af06b99a858c2ec7', '.png');
INSERT INTO drzavnamatura.files (id, file_name, file_type) VALUES (189, '8d332d6a658d61809619e6bd4cf199de', '.png');
INSERT INTO drzavnamatura.files (id, file_name, file_type) VALUES (190, '6ffadacf74833899416c8741354453de', '.png');
INSERT INTO drzavnamatura.files (id, file_name, file_type) VALUES (191, '7d6146632d084b526d89ecacc0acd736', '.png');
INSERT INTO drzavnamatura.files (id, file_name, file_type) VALUES (192, '69efbddc76dd0bf11d23d71cdeac6744', '.png');
INSERT INTO drzavnamatura.files (id, file_name, file_type) VALUES (193, 'f87e23cda0a7256106d0890ab5297712', '.png');
INSERT INTO drzavnamatura.files (id, file_name, file_type) VALUES (194, '3cc414875328f1bb420b6eaaac209d62', '.png');
INSERT INTO drzavnamatura.files (id, file_name, file_type) VALUES (195, 'da8ba8759ee66345c408023b2367e78a', '.png');
INSERT INTO drzavnamatura.files (id, file_name, file_type) VALUES (196, 'dc3660d65d8c4c994f55912e58425496', '.png');
INSERT INTO drzavnamatura.files (id, file_name, file_type) VALUES (197, '3ea37b297361bb69b613e7d4c888d38c', '.png');
INSERT INTO drzavnamatura.files (id, file_name, file_type) VALUES (198, 'becb3296a9b005e8b458d7777d5fa272', '.png');
INSERT INTO drzavnamatura.files (id, file_name, file_type) VALUES (199, '85bc1a2afac5d4e28ebde2f0afafc3e5', '.png');
INSERT INTO drzavnamatura.files (id, file_name, file_type) VALUES (200, '59b5ba400465dac81961efc67bdaf8ed', '.png');
INSERT INTO drzavnamatura.files (id, file_name, file_type) VALUES (201, 'c99c956316a27e0dc3b94ad600f66466', '.png');
INSERT INTO drzavnamatura.files (id, file_name, file_type) VALUES (202, 'da87b8f43ad2a1c63b7497fa721a8a02', '.png');
INSERT INTO drzavnamatura.files (id, file_name, file_type) VALUES (203, '700af0ba32ad385dc5ad12315e53601f', '.png');
INSERT INTO drzavnamatura.files (id, file_name, file_type) VALUES (204, '517188112c96a9998530c8f203c82ff6', '.png');
INSERT INTO drzavnamatura.files (id, file_name, file_type) VALUES (205, 'e6076dd87af4d4eefae2b2c4cb5f646f', '.png');
INSERT INTO drzavnamatura.files (id, file_name, file_type) VALUES (206, '884b4b2b4c1a924551d1af62e48523ac', '.png');
INSERT INTO drzavnamatura.files (id, file_name, file_type) VALUES (207, '66d58b139ac20653eb2806ef3a9c1871', '.png');
INSERT INTO drzavnamatura.files (id, file_name, file_type) VALUES (208, '066c0e7c83a8bc5b0267a43a065cceaa', '.png');
INSERT INTO drzavnamatura.files (id, file_name, file_type) VALUES (209, '51bc069259fb8d31f30f0d9258ece649', '.png');
INSERT INTO drzavnamatura.files (id, file_name, file_type) VALUES (210, '9654d521c07f19b86b65a5d764f7cf88', '.png');
INSERT INTO drzavnamatura.files (id, file_name, file_type) VALUES (211, '481c6998c55259f293ce4592d260f994', '.png');
INSERT INTO drzavnamatura.files (id, file_name, file_type) VALUES (255, 'ecfc9aec3760651559dbce41f592866a', '.png');
INSERT INTO drzavnamatura.files (id, file_name, file_type) VALUES (256, '1261a8d8f71a85d070cf9e7b417caba1', '.png');
INSERT INTO drzavnamatura.files (id, file_name, file_type) VALUES (257, '28a27d6f32f5bfa358e0ebfcd52c0b7e', '.png');
INSERT INTO drzavnamatura.files (id, file_name, file_type) VALUES (258, 'feb7cf26a215deb8e7242aac9a314044', '.png');
INSERT INTO drzavnamatura.files (id, file_name, file_type) VALUES (259, '7f2e71dfb94ce79d2cb8535ce859708e', '.png');
INSERT INTO drzavnamatura.files (id, file_name, file_type) VALUES (260, 'ac42dd2e4273ce0c6ef13da47da434fc', '.png');
INSERT INTO drzavnamatura.files (id, file_name, file_type) VALUES (261, 'eedb7f515bcd70c61ffe8a6592ed481b', '.png');
INSERT INTO drzavnamatura.files (id, file_name, file_type) VALUES (262, '7c10ebefb06242a708f08310794fe0b8', '.png');
INSERT INTO drzavnamatura.files (id, file_name, file_type) VALUES (263, 'd619abeaddeef372ba689c843394777a', '.png');
INSERT INTO drzavnamatura.files (id, file_name, file_type) VALUES (264, '6abc2cd7abf150fda695ebe38dff29e9', '.png');
INSERT INTO drzavnamatura.files (id, file_name, file_type) VALUES (265, '1ff9c636088ee4e6ae658f44cdd3af6a', '.png');
INSERT INTO drzavnamatura.files (id, file_name, file_type) VALUES (266, '30ddc5eebdbfd0e978e47d49c29d541c', '.png');
INSERT INTO drzavnamatura.files (id, file_name, file_type) VALUES (267, 'b5dd60d7789b613bea990066a45c9e64', '.png');
INSERT INTO drzavnamatura.files (id, file_name, file_type) VALUES (268, 'd55f2c5f6cd4e81b31f90ecc97f304f5', '.png');
INSERT INTO drzavnamatura.files (id, file_name, file_type) VALUES (269, 'f5e28f4f48246f0dc64b6526114cdfd4', '.png');
INSERT INTO drzavnamatura.files (id, file_name, file_type) VALUES (270, '82ff7ddf6c72068d441492408be112ca', '.png');
INSERT INTO drzavnamatura.files (id, file_name, file_type) VALUES (271, '61a42a192f56d508b44d1f3729f2382c', '.png');
INSERT INTO drzavnamatura.files (id, file_name, file_type) VALUES (272, '8c62040614069957aae774fd9f665c2a', '.png');
INSERT INTO drzavnamatura.files (id, file_name, file_type) VALUES (273, 'b1c45ed76e92521d8e54d7876417a582', '.png');
INSERT INTO drzavnamatura.files (id, file_name, file_type) VALUES (274, '8cc1ada83c4a355ac3fe4fb3b1c12dc3', '.png');
INSERT INTO drzavnamatura.files (id, file_name, file_type) VALUES (275, 'f38d6faa68427c3c8c2c6b26293bb0dd', '.png');
INSERT INTO drzavnamatura.files (id, file_name, file_type) VALUES (276, '65d361f7e9deba3d9906ca852c0618de', '.png');
INSERT INTO drzavnamatura.files (id, file_name, file_type) VALUES (277, '608911050d212b5a5e6eff9fbf6a2323', '.png');
INSERT INTO drzavnamatura.files (id, file_name, file_type) VALUES (278, '549059011d97bfb1a3073b23905a3234', '.png');
INSERT INTO drzavnamatura.files (id, file_name, file_type) VALUES (279, '83221e1be5eb7e865150fd32d9f98e03', '.png');
INSERT INTO drzavnamatura.files (id, file_name, file_type) VALUES (280, '2c489e609958498055afae0afabc4ca2', '.png');
INSERT INTO drzavnamatura.files (id, file_name, file_type) VALUES (281, '0645b3fce0610f1e889a48d8b781142a', '.png');
INSERT INTO drzavnamatura.files (id, file_name, file_type) VALUES (282, 'deef4bebceb724f4182ee2e7a0079f85', '.png');
INSERT INTO drzavnamatura.files (id, file_name, file_type) VALUES (283, '2f6617f080d63742628e06a16aa2f832', '.png');
INSERT INTO drzavnamatura.files (id, file_name, file_type) VALUES (284, 'fbf8ac942d54a1eedabbfd028b64be7a', '.png');
INSERT INTO drzavnamatura.files (id, file_name, file_type) VALUES (285, '042694d9569e54e4508623f75c8db17b', '.png');
INSERT INTO drzavnamatura.files (id, file_name, file_type) VALUES (286, 'd6695962db0872ccded130bed711e774', '.png');
INSERT INTO drzavnamatura.files (id, file_name, file_type) VALUES (287, '5dbdb172b9490efbaadd6501e473b8cd', '.png');
INSERT INTO drzavnamatura.files (id, file_name, file_type) VALUES (288, '89d08e260e85d4c177a3391f24ba52af', '.png');
INSERT INTO drzavnamatura.files (id, file_name, file_type) VALUES (289, '3015d604a549e1b90bb7fc64bab56e96', '.png');
INSERT INTO drzavnamatura.files (id, file_name, file_type) VALUES (290, '69b513b0aef4e2c46498e7adecf0df00', '.png');
INSERT INTO drzavnamatura.files (id, file_name, file_type) VALUES (291, '16044dd8135ad6b771494ecd74e437ad', '.png');
INSERT INTO drzavnamatura.files (id, file_name, file_type) VALUES (292, '4e576425e55ebfd119a2ea7d94450454', '.png');
INSERT INTO drzavnamatura.files (id, file_name, file_type) VALUES (293, '828e187779cb9b16b4995098f764e03a', '.png');
INSERT INTO drzavnamatura.files (id, file_name, file_type) VALUES (294, '3e2e0df6dd46262ddd641520ad115271', '.png');
INSERT INTO drzavnamatura.files (id, file_name, file_type) VALUES (295, 'a1450b7415c240c4ff2a3962590601c5', '.png');
INSERT INTO drzavnamatura.files (id, file_name, file_type) VALUES (296, '0c5e213e7bbe36f226201e185c8c91bc', '.png');
INSERT INTO drzavnamatura.files (id, file_name, file_type) VALUES (297, 'afb3080f1db42a5923f878044cb6e12f', '.png');
INSERT INTO drzavnamatura.files (id, file_name, file_type) VALUES (298, 'ffbdd88919d979862a97ae6375aad24d', '.png');
INSERT INTO drzavnamatura.files (id, file_name, file_type) VALUES (299, '30a718e1e8a56ca3bb60441eeece4373', '.png');
INSERT INTO drzavnamatura.files (id, file_name, file_type) VALUES (300, '8a6d6b8011663c1f3c6b589ad6be7260', '.png');
INSERT INTO drzavnamatura.files (id, file_name, file_type) VALUES (301, '155d1d1064b7859e283922fb0171e23f', '.png');
INSERT INTO drzavnamatura.files (id, file_name, file_type) VALUES (302, '9d57dd1da3c4bcb3e9a704dcd198c2c9', '.png');
INSERT INTO drzavnamatura.files (id, file_name, file_type) VALUES (303, 'a8d69b7a251832054933336f42b988b8', '.png');
INSERT INTO drzavnamatura.files (id, file_name, file_type) VALUES (304, '913da6c90d00671773a882d7b7e5088e', '.png');
INSERT INTO drzavnamatura.files (id, file_name, file_type) VALUES (305, 'e96b2853b5f389a4446d990dbb237f35', '.png');
INSERT INTO drzavnamatura.files (id, file_name, file_type) VALUES (307, 'fb1022acbfad2dd01d50699888c8aaa3', '.png');
INSERT INTO drzavnamatura.files (id, file_name, file_type) VALUES (308, '0ab3015016733b372d7eabb0fde44fe8', '.png');
INSERT INTO drzavnamatura.files (id, file_name, file_type) VALUES (309, '71bed788257a04b94e8b90358bf1295b', '.png');
INSERT INTO drzavnamatura.files (id, file_name, file_type) VALUES (310, '8c6fcaac0aa084c8bb572ffdb65a0df3', '.png');
INSERT INTO drzavnamatura.files (id, file_name, file_type) VALUES (311, 'd131f10acc52eb35a80d7c748f562108', '.png');
INSERT INTO drzavnamatura.files (id, file_name, file_type) VALUES (312, '17f070d148816a45baa4d1530fd8e27e', '.png');
INSERT INTO drzavnamatura.files (id, file_name, file_type) VALUES (313, '9b112cb9bdfcbc41e27850b656063dc1', '.png');
INSERT INTO drzavnamatura.files (id, file_name, file_type) VALUES (314, '536e201ec8cbf386af2f4608e1635e35', '.png');
INSERT INTO drzavnamatura.files (id, file_name, file_type) VALUES (315, 'b1505d3b3dec9f07d3456b484db1f180', '.png');
INSERT INTO drzavnamatura.files (id, file_name, file_type) VALUES (316, 'cb941510827066a157720ff1a28c7cf5', '.png');
INSERT INTO drzavnamatura.files (id, file_name, file_type) VALUES (317, '3e62d8b4cc77f83f6db2738712c89a0f', '.png');
INSERT INTO drzavnamatura.files (id, file_name, file_type) VALUES (318, '77fb7dcec8f158034dba2e2e1021455a', '.png');
INSERT INTO drzavnamatura.files (id, file_name, file_type) VALUES (319, 'e1478f7605b5977aa84361c8a6c74edd', '.png');
INSERT INTO drzavnamatura.files (id, file_name, file_type) VALUES (320, 'abd71156990e5161c322f2ecb0532d35', '.png');
INSERT INTO drzavnamatura.files (id, file_name, file_type) VALUES (321, 'b33efe7b8317d2e05169023653fbd793', '.png');
INSERT INTO drzavnamatura.files (id, file_name, file_type) VALUES (322, '6250b18e909aed6e73f17f220ed7027e', '.png');
INSERT INTO drzavnamatura.files (id, file_name, file_type) VALUES (323, 'b4dbc85872e8c59ad9b77c1a2a5afecf', '.png');
INSERT INTO drzavnamatura.files (id, file_name, file_type) VALUES (324, '02eb0034348fb0164e3b4f7a0b35087e', '.png');
INSERT INTO drzavnamatura.files (id, file_name, file_type) VALUES (325, '03e7028dc485bcaadbf5185923a15c7d', '.png');
INSERT INTO drzavnamatura.files (id, file_name, file_type) VALUES (326, 'fb53dbf70a929970b3d8e77169b5d048', '.png');
INSERT INTO drzavnamatura.files (id, file_name, file_type) VALUES (327, '09fb3a920203e5627d40c216b2ebb92c', '.png');
INSERT INTO drzavnamatura.files (id, file_name, file_type) VALUES (328, '7b7c5c48a5f6e84c94273eb4c2c86ae0', '.png');
INSERT INTO drzavnamatura.files (id, file_name, file_type) VALUES (329, 'a096086063a22d7723b6eaa928440d77', '.png');
INSERT INTO drzavnamatura.files (id, file_name, file_type) VALUES (330, '5a7d704d75edcb2112fde3ec8728d1c6', '.png');
INSERT INTO drzavnamatura.files (id, file_name, file_type) VALUES (331, '3d8b2885fbb1ffc553c82bba55524ec4', '.png');
INSERT INTO drzavnamatura.files (id, file_name, file_type) VALUES (332, 'b264c267a0b2bd1e9fe3efee8da5d225', '.png');
INSERT INTO drzavnamatura.files (id, file_name, file_type) VALUES (333, 'd1bcb18bc3acd8699467a4088031aca9', '.png');
INSERT INTO drzavnamatura.files (id, file_name, file_type) VALUES (334, 'a3ffd1681cba39d8b4e5b6fbef41ffa0', '.png');
INSERT INTO drzavnamatura.files (id, file_name, file_type) VALUES (335, '073f17ede42e6a494f7d024f29b06586', '.png');
INSERT INTO drzavnamatura.files (id, file_name, file_type) VALUES (336, '00f127dded2b08d3958c021c3bc690c0', '.png');
INSERT INTO drzavnamatura.files (id, file_name, file_type) VALUES (337, '74f38f6dcb849865689b62897446849b', '.png');
INSERT INTO drzavnamatura.files (id, file_name, file_type) VALUES (338, 'dc52dc4a48db418dcdb58c6b17f645a9', '.png');
INSERT INTO drzavnamatura.files (id, file_name, file_type) VALUES (339, '3821095fc02c4c1b09c9e6ef16a9bfb0', '.png');
INSERT INTO drzavnamatura.files (id, file_name, file_type) VALUES (340, '0428164e33bcdd829172448b74c7166d', '.png');
INSERT INTO drzavnamatura.files (id, file_name, file_type) VALUES (341, '1983c8832ac74caadee7508da545d9c2', '.png');
INSERT INTO drzavnamatura.files (id, file_name, file_type) VALUES (382, 'a3fdb75298965cd8c4be8f5c3bc67e90', '.mp3');
INSERT INTO drzavnamatura.files (id, file_name, file_type) VALUES (383, '823add061eefcbf4ac670b250aeebd86', '.mp3');
INSERT INTO drzavnamatura.files (id, file_name, file_type) VALUES (384, '8f8e8e3b86ee44c6399781580c18295d', '.mp3');
INSERT INTO drzavnamatura.files (id, file_name, file_type) VALUES (385, '4776e7c83cb3c71f7431e25b8cda1add', '.mp3');
INSERT INTO drzavnamatura.files (id, file_name, file_type) VALUES (386, 'd7c23f5c833540e380fc64164f14af6c', '.mp3');
INSERT INTO drzavnamatura.files (id, file_name, file_type) VALUES (387, 'cda4e9ed34f04cbfc1f0665d52650be1', '.mp3');
INSERT INTO drzavnamatura.files (id, file_name, file_type) VALUES (388, '7a12917e2a830660555dccfd8e92d751', '.mp3');
INSERT INTO drzavnamatura.files (id, file_name, file_type) VALUES (389, '4b749da068a5c22a83670e0b7059b9ba', '.mp3');
INSERT INTO drzavnamatura.files (id, file_name, file_type) VALUES (390, '585043b30c0229ff48ad32dfffa4152a', '.mp3');
INSERT INTO drzavnamatura.files (id, file_name, file_type) VALUES (391, 'cb5fe9ef73fac2741cce42e07badad0f', '.mp3');
INSERT INTO drzavnamatura.files (id, file_name, file_type) VALUES (392, '2d0e7633e56fd924c20aeb99f1de4067', '.mp3');
INSERT INTO drzavnamatura.files (id, file_name, file_type) VALUES (393, 'fe88b1c0a5faac183ad123c7050cdce2', '.mp3');


INSERT INTO drzavnamatura.subjects (id, subject_name) VALUES (9, 'Biologija');
INSERT INTO drzavnamatura.subjects (id, subject_name) VALUES (3, 'Engleski jezik - osnovna razina');
INSERT INTO drzavnamatura.subjects (id, subject_name) VALUES (2, 'Engleski jezik - viša razina');
INSERT INTO drzavnamatura.subjects (id, subject_name) VALUES (7, 'Fizika');
INSERT INTO drzavnamatura.subjects (id, subject_name) VALUES (6, 'Hrvatski jezik - osnovna razina');
INSERT INTO drzavnamatura.subjects (id, subject_name) VALUES (5, 'Hrvatski jezik - viša razina');
INSERT INTO drzavnamatura.subjects (id, subject_name) VALUES (4, 'Kemija');
INSERT INTO drzavnamatura.subjects (id, subject_name) VALUES (8, 'Matematika - osnovna razina');
INSERT INTO drzavnamatura.subjects (id, subject_name) VALUES (10, 'Matematika - viša razina');
INSERT INTO drzavnamatura.subjects (id, subject_name) VALUES (1, 'Test');

INSERT INTO drzavnamatura.exam_year (id, exam_name) VALUES (1, '2019./20. JESEN');
INSERT INTO drzavnamatura.exam_year (id, exam_name) VALUES (2, '2019./20. LJETO');


INSERT INTO drzavnamatura.subject_year_relation (id, subject_id, exam_year_id, is_public) VALUES (1, 1, 1, 0);
INSERT INTO drzavnamatura.subject_year_relation (id, subject_id, exam_year_id, is_public) VALUES (2, 2, 1, 1);
INSERT INTO drzavnamatura.subject_year_relation (id, subject_id, exam_year_id, is_public) VALUES (3, 2, 2, 1);
INSERT INTO drzavnamatura.subject_year_relation (id, subject_id, exam_year_id, is_public) VALUES (4, 3, 1, 1);
INSERT INTO drzavnamatura.subject_year_relation (id, subject_id, exam_year_id, is_public) VALUES (6, 4, 1, 1);
INSERT INTO drzavnamatura.subject_year_relation (id, subject_id, exam_year_id, is_public) VALUES (8, 5, 1, 1);
INSERT INTO drzavnamatura.subject_year_relation (id, subject_id, exam_year_id, is_public) VALUES (9, 5, 2, 1);
INSERT INTO drzavnamatura.subject_year_relation (id, subject_id, exam_year_id, is_public) VALUES (10, 6, 1, 1);
INSERT INTO drzavnamatura.subject_year_relation (id, subject_id, exam_year_id, is_public) VALUES (11, 6, 2, 1);
INSERT INTO drzavnamatura.subject_year_relation (id, subject_id, exam_year_id, is_public) VALUES (12, 7, 1, 1);
INSERT INTO drzavnamatura.subject_year_relation (id, subject_id, exam_year_id, is_public) VALUES (13, 7, 2, 1);
INSERT INTO drzavnamatura.subject_year_relation (id, subject_id, exam_year_id, is_public) VALUES (14, 8, 1, 1);
INSERT INTO drzavnamatura.subject_year_relation (id, subject_id, exam_year_id, is_public) VALUES (15, 8, 2, 1);
INSERT INTO drzavnamatura.subject_year_relation (id, subject_id, exam_year_id, is_public) VALUES (16, 9, 1, 1);
INSERT INTO drzavnamatura.subject_year_relation (id, subject_id, exam_year_id, is_public) VALUES (17, 9, 2, 1);
INSERT INTO drzavnamatura.subject_year_relation (id, subject_id, exam_year_id, is_public) VALUES (18, 10, 1, 1);
INSERT INTO drzavnamatura.subject_year_relation (id, subject_id, exam_year_id, is_public) VALUES (19, 10, 2, 1);


INSERT INTO drzavnamatura.super_questions (id, question, img_id, audio_id) VALUES (1, 'Agronomi su istraživali potrošnju kisika dviju sorta pšenice pri različitim temperaturama. U postavljenome pokusu zrna pšenice obiju sorta klijala su na vlažnim papirnatim ručnicima u istim uvjetima. Nakon što su biljke isklijale, mjerena je potrošnja kisika sorta A i B na temperaturama 7 °C i 17 °C u vremenskim intervalima od 20, 40, 60 i 80 minuta. Pozorno promotrite rezultate istraživanja navedene u tablici.', 255, null);
INSERT INTO drzavnamatura.super_questions (id, question, img_id, audio_id) VALUES (2, 'Agronomi su istraživali potrošnju kisika dviju sorta pšenice pri različitim temperaturama. U postavljenome pokusu zrna pšenice obiju sorta klijala su na vlažnim papirnatim ručnicima u istim uvjetima. Nakon što su biljke isklijale, mjerena je potrošnja kisika sorta A i B na temperaturama 7 °C i 17 °C u vremenskim intervalima od 20, 40, 60 i 80 minuta. Pozorno promotrite rezultate istraživanja navedene u tablici.', 256, null);
INSERT INTO drzavnamatura.super_questions (id, question, img_id, audio_id) VALUES (3, 'Bijeli je fosfor pri sobnoj temperaturi vrlo reaktivna, otrovna i samozapaljiva čvrsta tvar. Reakcijom 11,5 g fosfora s ( 11,2 dm^3 ) klora pri normalnim uvjetima (p = 101 kPa, t = 0 °C) dobiveno je 42,6 g fosforova(III) klorida. Promjena je prikazana zadanom jednadžbom kemijske reakcije. P4 + 6 Cl2 → 4 PCl3', null, null);
INSERT INTO drzavnamatura.super_questions (id, question, img_id, audio_id) VALUES (4, 'Burmanski piton vrsta je zmije specifičnoga procesa razmnožavanja. Ženke te vrste tijekom inkubacije tijelom obaviju jaja pri čemu učestalo stežu mišiće, što nazivamo drhtanje. Pozorno promotrite sliku na kojoj su prikazani rezultati istraživanja potrošnje kisika tijekom stezanja mišića ženke burmanskoga pitona u procesu inkubiranja jaja pri stalnoj temperaturi okoliša.', 257, null);
INSERT INTO drzavnamatura.super_questions (id, question, img_id, audio_id) VALUES (5, 'Crnu boju krzna psa koker španijela određuje dominantan gen B, a crvenu boju recesivni gen b. Jednobojno krzno određuje dominantan gen D, a pjegavo krzno recesivni gen d. Ti su geni smješteni na autosomima i nisu vezani.', null, null);
INSERT INTO drzavnamatura.super_questions (id, question, img_id, audio_id) VALUES (6, 'Dijagram prikazuje ovisnost topljivosti litijeva sulfata, Li2SO4 o temperaturi.', 258, null);
INSERT INTO drzavnamatura.super_questions (id, question, img_id, audio_id) VALUES (7, 'Elektrokemijski članak u kojemu se kemijska energija pretvara u električnu energiju naziva se galvanski članak.', null, null);
INSERT INTO drzavnamatura.super_questions (id, question, img_id, audio_id) VALUES (8, 'Geni za tumorske supresore odgovorni su za prirodnu zaštitu od tumora.', null, null);
INSERT INTO drzavnamatura.super_questions (id, question, img_id, audio_id) VALUES (9, 'Match each message (1-5) and its meaning (A-F). There is one letter that you do not need. Mark your answer on the answer sheet. There is an example at the beginning (0).', 259, null);
INSERT INTO drzavnamatura.super_questions (id, question, img_id, audio_id) VALUES (10, 'Na slici je prikazan pokus u kojemu su se učenici koristili biljkom lončanicom. Površinu zemlje prekrili su folijom, a zatim su cijelu biljku prekrili staklenim zvonom. Rub između staklene podloge i staklenoga zvona premazali su vazelinom. Biljku su ostavili na osvijetljenome mjestu tijekom jednoga dana.', 260, null);
INSERT INTO drzavnamatura.super_questions (id, question, img_id, audio_id) VALUES (11, 'Nasljednu onihoosteodisplaziju karakteriziraju poteškoće u razvoju noktiju, kostiju i zglobova. Tu bolest uzrokuje dominantni alel (D), a zdravo stanje određuje recesivni alel (d). Geni odgovorni za bolest nalaze se na devetome kromosomu na kojemu su i geni za krvne grupe AB0 sustava.', null, null);
INSERT INTO drzavnamatura.super_questions (id, question, img_id, audio_id) VALUES (12, 'Obalna sekvoja biljna je vrsta koja je prirodni heksaploid. Pretpostavlja se da se razvila iz diploidnih predaka (2n = 22) uslijed mutacija za vrijeme mejoze.', null, null);
INSERT INTO drzavnamatura.super_questions (id, question, img_id, audio_id) VALUES (13, 'Od Ivanove kuće do grada vodi ravna biciklistička staza. Ivan se od 9.00 do 14.00 sati vozio po toj stazi i odmarao se kao što je prikazano na dijagramu.', 261, null);
INSERT INTO drzavnamatura.super_questions (id, question, img_id, audio_id) VALUES (14, 'Otopina pripremljena otapanjem 24,0 g šećera u 100,0 g vode zaledi se pri −3,0 °C.', null, null);
INSERT INTO drzavnamatura.super_questions (id, question, img_id, audio_id) VALUES (15, 'Pozorno promotrite reakcijsku shemu.', null, null);
INSERT INTO drzavnamatura.super_questions (id, question, img_id, audio_id) VALUES (16, 'Pozorno promotrite sliku na kojoj je prikazan kostur čovjeka.', 262, null);
INSERT INTO drzavnamatura.super_questions (id, question, img_id, audio_id) VALUES (17, 'Pozorno promotrite sliku na kojoj je prikazan svjetlosni mikroskop korišten za promatranje mikroorganizama prikazanih u vidnome polju.', 263, null);
INSERT INTO drzavnamatura.super_questions (id, question, img_id, audio_id) VALUES (18, 'Pozorno promotrite sliku na kojoj je prikazan životni ciklus uhatoga klobuka.', 264, null);
INSERT INTO drzavnamatura.super_questions (id, question, img_id, audio_id) VALUES (19, 'Pozorno promotrite sliku na kojoj je prikazana građa stanične membrane.', 265, null);
INSERT INTO drzavnamatura.super_questions (id, question, img_id, audio_id) VALUES (20, 'Pozorno promotrite sliku na kojoj je prikazana građa tijela spužve.', 266, null);
INSERT INTO drzavnamatura.super_questions (id, question, img_id, audio_id) VALUES (21, 'Pozorno promotrite sliku na kojoj je prikazana jedna vrsta mahovine', 267, null);
INSERT INTO drzavnamatura.super_questions (id, question, img_id, audio_id) VALUES (22, 'Pozorno promotrite sliku na kojoj je prikazana ovisnost temperature tijela četiriju vrsta kralježnjaka označenih slovima A, B, C i D o temperaturi okoliša do krajnjih točaka preživljavanja.', 268, null);
INSERT INTO drzavnamatura.super_questions (id, question, img_id, audio_id) VALUES (23, 'Pozorno promotrite sliku na kojoj je prikazana promjena broja jedinka dviju različitih životinjskih vrsta označenih slovima A i B koje su živjele odvojeno u istim uvjetima staništa. Vrste su u jednome trenutku premještene u zajedničko stanište koje je imalo iste uvjete kao i prethodna staništa.', 269, null);
INSERT INTO drzavnamatura.super_questions (id, question, img_id, audio_id) VALUES (24, 'Pozorno promotrite sliku na kojoj su pojednostavljeno prikazani metabolički procesi koji se događaju u stanici zelene alge roda Chlorella. Slovima F, G, H i J označeni su procesi koji se događaju u stanici. Isprekidane linije dijele prikaz na tri vremenski i prostorno odvojena metabolička procesa.', 270, null);
INSERT INTO drzavnamatura.super_questions (id, question, img_id, audio_id) VALUES (25, 'Pozorno promotrite sliku na kojoj su prikazane lubanje različitih vrsta sisavaca označenih slovima od A do D.', 271, null);
INSERT INTO drzavnamatura.super_questions (id, question, img_id, audio_id) VALUES (26, 'Pozorno promotrite sliku na kojoj su prikazane promjene gustoće populacije za dvije različite vrste A i B koje su živjele odvojeno u istim uvjetima staništa. Broj jedinka u populacijama bio je stalan. Vrste su u jednome trenutku premještene u zajedničko stanište koje je imalo iste uvjete kao i prethodna staništa. Vrste se ne natječu za hranu.', 272, null);
INSERT INTO drzavnamatura.super_questions (id, question, img_id, audio_id) VALUES (27, 'Pozorno promotrite sliku na kojoj su prikazani mogući srodnički odnosi unutar sistematske kategorije (taksona) kralježnjaka.', 273, null);
INSERT INTO drzavnamatura.super_questions (id, question, img_id, audio_id) VALUES (28, 'Pozorno promotrite sliku na kojoj su prikazani mogući srodnički odnosi unutar sistematske kategorije (taksona) kralježnjaka.', 274, null);
INSERT INTO drzavnamatura.super_questions (id, question, img_id, audio_id) VALUES (29, 'Pozorno promotrite sliku na kojoj su prikazani predstavnici beskralježnjaka označeni slovima od A do D.', 275, null);
INSERT INTO drzavnamatura.super_questions (id, question, img_id, audio_id) VALUES (30, 'Pozorno promotrite sliku na kojoj su prikazani predstavnici bodljikaša označeni slovima od A do D.', 276, null);
INSERT INTO drzavnamatura.super_questions (id, question, img_id, audio_id) VALUES (31, 'Pozorno promotrite sliku na kojoj su shematski prikazani presjeci dviju staničnih organela A i B.', 277, null);
INSERT INTO drzavnamatura.super_questions (id, question, img_id, audio_id) VALUES (32, 'Pozorno promotrite tablicu u kojoj su navedena obilježja dviju vrsta zmija i temperatura staništa u kojima obitavaju.', 278, null);
INSERT INTO drzavnamatura.super_questions (id, question, img_id, audio_id) VALUES (33, 'Prikazane su strukturne formule molekula glicina i serina.', 279, null);
INSERT INTO drzavnamatura.super_questions (id, question, img_id, audio_id) VALUES (34, 'Prikazane su strukturne formule molekula glicina i serina.', 280, null);
INSERT INTO drzavnamatura.super_questions (id, question, img_id, audio_id) VALUES (35, 'Pročitaj sljedeći tekst', 281, null);
INSERT INTO drzavnamatura.super_questions (id, question, img_id, audio_id) VALUES (36, 'Pročitaj sljedeći tekst i odgovori na pitanje ispod', 282, null);
INSERT INTO drzavnamatura.super_questions (id, question, img_id, audio_id) VALUES (37, 'Pročitaj tekst', 283, null);
INSERT INTO drzavnamatura.super_questions (id, question, img_id, audio_id) VALUES (38, 'Pročitaj tekst', 284, null);
INSERT INTO drzavnamatura.super_questions (id, question, img_id, audio_id) VALUES (39, 'Pročitaj tekst', 285, null);
INSERT INTO drzavnamatura.super_questions (id, question, img_id, audio_id) VALUES (40, 'Pročitaj tekst', 286, null);
INSERT INTO drzavnamatura.super_questions (id, question, img_id, audio_id) VALUES (41, 'Pročitaj tekst', 287, null);
INSERT INTO drzavnamatura.super_questions (id, question, img_id, audio_id) VALUES (42, 'Pročitaj tekst i odgovori na pitanje', 288, null);
INSERT INTO drzavnamatura.super_questions (id, question, img_id, audio_id) VALUES (43, 'Pročitaj tekst i odgovori na pitanje', 289, null);
INSERT INTO drzavnamatura.super_questions (id, question, img_id, audio_id) VALUES (44, 'Pročitaj tekst i odgovori na pitanje', 290, null);
INSERT INTO drzavnamatura.super_questions (id, question, img_id, audio_id) VALUES (45, 'Pročitaj tekst i odgovori na pitanje ispod', 291, null);
INSERT INTO drzavnamatura.super_questions (id, question, img_id, audio_id) VALUES (46, 'Pročitaj tekst i odgovori na questions', 292, null);
INSERT INTO drzavnamatura.super_questions (id, question, img_id, audio_id) VALUES (47, 'Pročitaj tekst i odgovori na questions', 293, null);
INSERT INTO drzavnamatura.super_questions (id, question, img_id, audio_id) VALUES (48, 'Pročitaj tekst ispod', 294, null);
INSERT INTO drzavnamatura.super_questions (id, question, img_id, audio_id) VALUES (49, 'Pročitaj tekst ispod', 295, null);
INSERT INTO drzavnamatura.super_questions (id, question, img_id, audio_id) VALUES (50, 'Pročitaj tekst ispod i odgovori na pitanje', 296, null);
INSERT INTO drzavnamatura.super_questions (id, question, img_id, audio_id) VALUES (51, 'Pročitajte naredni tekst', 297, null);
INSERT INTO drzavnamatura.super_questions (id, question, img_id, audio_id) VALUES (52, 'Pročitajte naredni tekst', 298, null);
INSERT INTO drzavnamatura.super_questions (id, question, img_id, audio_id) VALUES (53, 'Pročitajte naredni tekst', 299, null);
INSERT INTO drzavnamatura.super_questions (id, question, img_id, audio_id) VALUES (54, 'Pročitajte naredni tekst', 300, null);
INSERT INTO drzavnamatura.super_questions (id, question, img_id, audio_id) VALUES (55, 'Pročitajte naredni tekst, te odgovorite pitanje ispod.', 301, null);
INSERT INTO drzavnamatura.super_questions (id, question, img_id, audio_id) VALUES (56, 'Pročitajte sljdeći tekst', 302, null);
INSERT INTO drzavnamatura.super_questions (id, question, img_id, audio_id) VALUES (57, 'Pročitajte sljdeći tekst', 303, null);
INSERT INTO drzavnamatura.super_questions (id, question, img_id, audio_id) VALUES (58, 'Pročitajte sljdeći tekst i odgovorite questions ispod', 304, null);
INSERT INTO drzavnamatura.super_questions (id, question, img_id, audio_id) VALUES (59, 'Pročitajte sljdeći tekst.', 305, null);
INSERT INTO drzavnamatura.super_questions (id, question, img_id, audio_id) VALUES (60, 'Pročitajte sljedeći tekst', 305, null);
INSERT INTO drzavnamatura.super_questions (id, question, img_id, audio_id) VALUES (61, 'Pročitajte sljedeći tekst', 307, null);
INSERT INTO drzavnamatura.super_questions (id, question, img_id, audio_id) VALUES (62, 'Pročitajte sljedeći tekst', 308, null);
INSERT INTO drzavnamatura.super_questions (id, question, img_id, audio_id) VALUES (63, 'Pročitajte sljedeći tekst', 309, null);
INSERT INTO drzavnamatura.super_questions (id, question, img_id, audio_id) VALUES (64, 'Pročitajte tekst', 310, null);
INSERT INTO drzavnamatura.super_questions (id, question, img_id, audio_id) VALUES (65, 'Pročitajte tekst', 311, null);
INSERT INTO drzavnamatura.super_questions (id, question, img_id, audio_id) VALUES (66, 'Pročitajte tekst', 312, null);
INSERT INTO drzavnamatura.super_questions (id, question, img_id, audio_id) VALUES (67, 'Pročitajte tekst', 313, null);
INSERT INTO drzavnamatura.super_questions (id, question, img_id, audio_id) VALUES (68, 'Pročitajte tekst', 314, null);
INSERT INTO drzavnamatura.super_questions (id, question, img_id, audio_id) VALUES (69, 'Pročitajte tekst i odgovorite na pitanje', 315, null);
INSERT INTO drzavnamatura.super_questions (id, question, img_id, audio_id) VALUES (70, 'Pročitajte tekst i odgovorite na pitanje', 316, null);
INSERT INTO drzavnamatura.super_questions (id, question, img_id, audio_id) VALUES (71, 'Pročitajte tekst i odgovorite na pitanje ispod', 317, null);
INSERT INTO drzavnamatura.super_questions (id, question, img_id, audio_id) VALUES (72, 'Pročitajte tekst i odgovorite na pitanje ispod', 318, null);
INSERT INTO drzavnamatura.super_questions (id, question, img_id, audio_id) VALUES (73, 'Pročitajte tekst i odgovorite na questions', 319, null);
INSERT INTO drzavnamatura.super_questions (id, question, img_id, audio_id) VALUES (74, 'Pročitajte tekst i odgovorite na questions', 320, null);
INSERT INTO drzavnamatura.super_questions (id, question, img_id, audio_id) VALUES (75, 'Pročitajte tekst.', 321, null);
INSERT INTO drzavnamatura.super_questions (id, question, img_id, audio_id) VALUES (76, 'Read the text below. For questions 11-15, write one or two words, or a number. Write your answers on the lines below the text. There is an example at the beginning (0). (0 Nationality: Italian)', 322, null);
INSERT INTO drzavnamatura.super_questions (id, question, img_id, audio_id) VALUES (77, 'Read the text below. For questions 13-18, choose the correct answer (A, B, C or D). Mark your answer on the answer sheet.', 323, null);
INSERT INTO drzavnamatura.super_questions (id, question, img_id, audio_id) VALUES (78, 'Read the text below. For questions 13-18, choose the correct answer (A, B, C or D). Mark your answer on the answer sheet.', 324, null);
INSERT INTO drzavnamatura.super_questions (id, question, img_id, audio_id) VALUES (79, 'Read the text below. For questions 16-20, choose from A-F to complete the sentences. There is one letter that you do not need. Mark your answer on the answer sheet. There is an example at the beginning (0).', 325, null);
INSERT INTO drzavnamatura.super_questions (id, question, img_id, audio_id) VALUES (80, 'Read the text below. For questions 21-25, choose the answer (A, B or C) which best completes each sentence. Mark your answer on the answer sheet. There is an example at the beginning (0).', 326, null);
INSERT INTO drzavnamatura.super_questions (id, question, img_id, audio_id) VALUES (81, 'Read the text below. For questions 25-32, choose the answer (A, B, C or D) that best completes each sentence. Mark your answer on the answer sheet. There is an example at the beginning (0).', 327, null);
INSERT INTO drzavnamatura.super_questions (id, question, img_id, audio_id) VALUES (82, 'Read the text below. For questions 25-32, choose the answer (A, B, C or D) that best completes each sentence. Mark your answer on the answer sheet. There is an example at the beginning (0).', 328, null);
INSERT INTO drzavnamatura.super_questions (id, question, img_id, audio_id) VALUES (83, 'Read the text below. For questions 26-30, write one word that best completes each sentence. Write your answers on the lines below the text. There is an example at the beginning (0).', 329, null);
INSERT INTO drzavnamatura.super_questions (id, question, img_id, audio_id) VALUES (84, 'Read the text below. For questions 33-40, write one word that best completes each sentence. Write your answer on the lines below the text. There is an example at the beginning (0).', 330, null);
INSERT INTO drzavnamatura.super_questions (id, question, img_id, audio_id) VALUES (85, 'Read the text below. For questions 33-40, write one word that best completes each sentence. Write your answer on the lines below the text. There is an example at the beginning (0).', 331, null);
INSERT INTO drzavnamatura.super_questions (id, question, img_id, audio_id) VALUES (86, 'Read the text on the next page. For questions 19-24, choose from the sentences A-H the one which best fits the gap. There are two sentences that you do not need. Mark your answer on the answer sheet. There is an example at the beginning (0).', 332, null);
INSERT INTO drzavnamatura.super_questions (id, question, img_id, audio_id) VALUES (87, 'Read the text on the next page. For questions 19-24, choose from the sentences A-H the one which best fits the gap. There are two sentences that you do not need. Mark your answer on the answer sheet. There is an example at the beginning (0).', 333, null);
INSERT INTO drzavnamatura.super_questions (id, question, img_id, audio_id) VALUES (88, 'Riješite zadatke vezane uz nazivlje spojeva.', null, null);
INSERT INTO drzavnamatura.super_questions (id, question, img_id, audio_id) VALUES (89, 'Sastojak sredstava za odmašćivanje je alkohol 2-metilpropan-1-ol čija je molekula prikazana strukturnom formulom.', 334, null);
INSERT INTO drzavnamatura.super_questions (id, question, img_id, audio_id) VALUES (90, 'Svemirski brod u obliku kugle giba se brzinom 0,95c u odnosu na promatrača na Zemlji kao što je prikazano na slici.', 335, null);
INSERT INTO drzavnamatura.super_questions (id, question, img_id, audio_id) VALUES (91, 'Tablica prikazuje nutritivne vrijednosti za 100 grama voća.', 336, null);
INSERT INTO drzavnamatura.super_questions (id, question, img_id, audio_id) VALUES (92, 'U jedne vrste zamoraca crna dlaka dominantna je nad bijelom dlakom, a kratka dlaka nad dugom dlakom. Geni za navedena svojstva smješteni su na različitim autosomima. Aleli za boju dlake označavaju se slovima D ili d, a aleli za duljinu dlake slovima E ili e.', null, null);
INSERT INTO drzavnamatura.super_questions (id, question, img_id, audio_id) VALUES (93, 'U tablici je prikazana ovisnost množinskih koncentracija vodikova peroksida o vremenu tijekom raspada vodikova peroksida na kisik i vodu.', 337, null);
INSERT INTO drzavnamatura.super_questions (id, question, img_id, audio_id) VALUES (94, 'Učenici su izveli pokus kojim su dokazali kruženje CO2 u ekosustavima. Jedan je učenik upuhivao zrak kroz slamčicu u dvije epruvete s vodom izložene svjetlosti. U jednu je uronjena biljka vodena kuga (Elodea sp.). U obje epruvete dodan je i indikator fenol-crveno koji je crvene boje, a u prisutnosti CO2 požuti.', 338, null);
INSERT INTO drzavnamatura.super_questions (id, question, img_id, audio_id) VALUES (95, 'Virnjaci su modelski organizmi za proučavanje regeneracije zbog iznimne sposobnosti obnavljanja tkiva nakon ozljede. Istraživanjem su u virnjaka pronađeni neoblasti, stanice iz kojih nakon ozljeđivanja ili amputacije dijela tijela nastaju nova tkiva.', null, null);
INSERT INTO drzavnamatura.super_questions (id, question, img_id, audio_id) VALUES (96, 'You are going to read an article in which people talk about childhood friends. For questions 1-12, choose from the people A-F. Mark your answer on the answer sheet. There is an example at the beginning (0).', 339, null);
INSERT INTO drzavnamatura.super_questions (id, question, img_id, audio_id) VALUES (97, 'You are going to read an article in which people talk about couch-surfing, staying the night at the home of another person or welcoming one in your own, for free. For questions 1-12, choose from the people A-F. Mark your answer on the answer sheet. There is an example at the beginning (0).', 340, null);
INSERT INTO drzavnamatura.super_questions (id, question, img_id, audio_id) VALUES (98, 'You will hear 5 people talking about their problems when they were teenagers. Decide what each person’s main problem area was. Match the speakers 1-5 with the options A-H. Use each letter only once. There are three letters that you do not need. You will hear the recording twice.', null, 382);
INSERT INTO drzavnamatura.super_questions (id, question, img_id, audio_id) VALUES (99, 'You will hear a brother and sister talking about three summer camps. For questions 14-19, choose the correct answer (A, B or C) from the list of camps. Mark A for Aston Camp, B for Bartley Camp, or C for Cotwill Camp. You will hear the recording twice.', null, 383);
INSERT INTO drzavnamatura.super_questions (id, question, img_id, audio_id) VALUES (100, 'You will hear a couple preparing for a visit by three people. For questions 14-19, choose the correct answer (A, B or C) from the list of people. Mark A for Alex B for Bruce or C for Curt. You will hear the recording twice.', null, 384);
INSERT INTO drzavnamatura.super_questions (id, question, img_id, audio_id) VALUES (101, 'You will hear a radio interview with Anna Pratt about writing. For questions 11-15, choose the correct answer (A, B or C). You will hear the recording twice.', null, 385);
INSERT INTO drzavnamatura.super_questions (id, question, img_id, audio_id) VALUES (102, 'You will hear a radio interview with Dina Harding, a travel blogger. For questions 20-25, choose the correct answer (A, B or C). You will hear the recording twice.', null, 386);
INSERT INTO drzavnamatura.super_questions (id, question, img_id, audio_id) VALUES (103, 'You will hear a radio interview with singer Ben Preston. For questions 20-25, choose the correct answer (A, B or C). You will hear the recording twice.', null, 387);
INSERT INTO drzavnamatura.super_questions (id, question, img_id, audio_id) VALUES (104, 'You will hear a teacher talking to his students about a visit to the town of Brighton. For questions 16-20, choose the correct answer (A, B or C). You will hear the recording twice.', null, 388);
INSERT INTO drzavnamatura.super_questions (id, question, img_id, audio_id) VALUES (105, 'You will hear five people talking about their reading habits. Match the speakers 1-5 with the options A-H. Use each letter only once. There are three letters that you do not need. You will hear the recording twice.', 341, 389);
INSERT INTO drzavnamatura.super_questions (id, question, img_id, audio_id) VALUES (106, 'You will hear five phone messages. Match each message (1-5) and its meaning (A-F). There is one letter that you do not need. You will hear the recording twice.', null, 390);
INSERT INTO drzavnamatura.super_questions (id, question, img_id, audio_id) VALUES (107, 'You will hear people talking in eight situations. For questions 6-13, choose the correct answer (A, B or C). You will hear each recording twice.', null, 391);
INSERT INTO drzavnamatura.super_questions (id, question, img_id, audio_id) VALUES (108, 'You will hear people talking in eight situations. For questions 6-13, choose the correct answer (A, B or C). You will hear each recording twice.', null, 392);
INSERT INTO drzavnamatura.super_questions (id, question, img_id, audio_id) VALUES (109, 'You will hear people talking in five situations. For questions 6-10, choose the correct answer (A, B or C). You will hear each recording twice.', null, 393);
INSERT INTO drzavnamatura.super_questions (id, question, img_id, audio_id) VALUES (110, 'You will read five emails. For questions 6-10, choose the correct answer (A, B or C). Mark your answer on the answer sheet.', null, null);


INSERT INTO drzavnamatura.questions (id, correctAns, ansC, ansB, questionNumber, ansA, typeOfAnswer, question, ansD, subject_exam_year_id, super_question_id, question_img_id, ans_img_id) VALUES (1, 3, 'subjektna', 'predikatna', 66, 'atributna', 0, 'Kojoj vrsti zavisnosloženih rečenica pripada sljedeća rečenica? Još godinama kasnije pitali smo se koji je to čovjek preko noći obrao sve jabuke.', 'objektna', 10, null, null, null);
INSERT INTO drzavnamatura.questions (id, correctAns, ansC, ansB, questionNumber, ansA, typeOfAnswer, question, ansD, subject_exam_year_id, super_question_id, question_img_id, ans_img_id) VALUES (2, 1, 'NH3(g) + H2O(ℓ) → NH4 +(aq) + OH-(aq)', 'NH3(g) + HCl(g) → NH4Cl(s)', 9, 'NH3(g) + HCl(g) → NH4Cl(g)', 0, 'Otvoru epruvete u kojoj je nastao amonijak približen je štapić prethodno uronjen u reagens pri čemu nastaje bijeli dim. Koja od navedenih jednadžba kemijskih reakcija prikazuje opisanu reakciju dokazivanja amonijaka?', 'NH3(g) + H2O(g) → NH4 +(aq) + OH-(aq)', 6, null, null, null);
INSERT INTO drzavnamatura.questions (id, correctAns, ansC, ansB, questionNumber, ansA, typeOfAnswer, question, ansD, subject_exam_year_id, super_question_id, question_img_id, ans_img_id) VALUES (3, 1, 'Đaval jure svoju vojsku kupno vodi. Gda se svrši Sveto pismo dan prihȍdī.', 'Zatim se ustȁsmo i postâv nikôko, sunce ugledȁsmo ne vele nizȍko,', 33, 'Posvedȍči moja postela priprȍsta, koja od žalosti moje zna zadȍsta.', 0, 'U kojemu je od sljedećih stihova upotrijebljen dvostrukorimovani dvanaesterac?', 'Ovdi usrid luke naša mlada plavca uzdvigla je jidra voljna, smina i nova.', 10, null, null, null);
INSERT INTO drzavnamatura.questions (id, correctAns, ansC, ansB, questionNumber, ansA, typeOfAnswer, question, ansD, subject_exam_year_id, super_question_id, question_img_id, ans_img_id) VALUES (4, 2, 'Mesmerised.', 'Frightened.', 28, 'Exhausted.', 0, 'You hear a man talking to his girlfriend about his hiking trip in the mountains. How did he feel there?', '-', 3, 107, null, null);
INSERT INTO drzavnamatura.questions (id, correctAns, ansC, ansB, questionNumber, ansA, typeOfAnswer, question, ansD, subject_exam_year_id, super_question_id, question_img_id, ans_img_id) VALUES (5, 1, 'tri', 'dva', 1, 'jedan', 0, 'Koliko je točno cijelih brojeva u skupu ( { -0.13, -6, frac{1}{5}, sqrt{7}, 48 } )', 'četiri', 14, null, null, null);
INSERT INTO drzavnamatura.questions (id, correctAns, ansC, ansB, questionNumber, ansA, typeOfAnswer, question, ansD, subject_exam_year_id, super_question_id, question_img_id, ans_img_id) VALUES (6, 0, null, null, 24, 'make', 1, '40', null, 3, 85, null, null);
INSERT INTO drzavnamatura.questions (id, correctAns, ansC, ansB, questionNumber, ansA, typeOfAnswer, question, ansD, subject_exam_year_id, super_question_id, question_img_id, ans_img_id) VALUES (7, 1, 'da traži zaštitnika', 'da ju je teško osvojiti', 22, 'da želi biti u društvu plemića', 0, 'Što je od sljedećega grof iskazao o Mirandolini?', 'da je prijetvorna', 10, 74, null, null);
INSERT INTO drzavnamatura.questions (id, correctAns, ansC, ansB, questionNumber, ansA, typeOfAnswer, question, ansD, subject_exam_year_id, super_question_id, question_img_id, ans_img_id) VALUES (8, 1, 'It was a foreign film', 'The plot was unpredictable', 33, 'It was a comedy', 0, 'You hear Harry talking about a film. What can you learn about the film?', '-', 2, 108, null, null);
INSERT INTO drzavnamatura.questions (id, correctAns, ansC, ansB, questionNumber, ansA, typeOfAnswer, question, ansD, subject_exam_year_id, super_question_id, question_img_id, ans_img_id) VALUES (9, 2, 'Opjevava dekadenciju suvremenoga čovjeka', 'Posvećena je platonskoj ljubavi prema idealnoj ženi.', 47, 'Povezuje se ljubav prema ženi s ljubavlju prema domovini.', 0, 'Koja se od sljedećih tvrdnja odnosi na zbirku pjesama Cvjetovi zla Charlesa Baudelairea?', 'Sadrži pjesme pastoralnoga ugođaja', 9, null, null, null);
INSERT INTO drzavnamatura.questions (id, correctAns, ansC, ansB, questionNumber, ansA, typeOfAnswer, question, ansD, subject_exam_year_id, super_question_id, question_img_id, ans_img_id) VALUES (10, 2, 'prema moru', 'prema gori Plak', 4, 'prema podzemnome svijetu', 0, 'Kamo su konji vukli Hektorovo tijelo?', 'prema Tebi', 8, 52, null, null);
INSERT INTO drzavnamatura.questions (id, correctAns, ansC, ansB, questionNumber, ansA, typeOfAnswer, question, ansD, subject_exam_year_id, super_question_id, question_img_id, ans_img_id) VALUES (11, 0, null, null, 41, null, 2, 'Kompleksni broj ( z_1 = −5sqrt{3} + 5i ) jedno je rješenje jednadžbe(  z^3 = w ) gdje je w kompleksni broj. Napišite preostala dva rješenja te jednadžbe.', null, 19, null, null, 165);
INSERT INTO drzavnamatura.questions (id, correctAns, ansC, ansB, questionNumber, ansA, typeOfAnswer, question, ansD, subject_exam_year_id, super_question_id, question_img_id, ans_img_id) VALUES (12, 0, null, null, 20, 'y = 9x', 1, 'Odredite jednadžbu pravca koji prolazi kroz ishodište i okomit je na pravac s jednadžbom ( y = -frac{1}{9}x + 2 ).', null, 19, null, null, null);
INSERT INTO drzavnamatura.questions (id, correctAns, ansC, ansB, questionNumber, ansA, typeOfAnswer, question, ansD, subject_exam_year_id, super_question_id, question_img_id, ans_img_id) VALUES (13, 0, 'cvijet – tulipan', 'bliskost – blizina', 68, 'prošlost – budućnost', 0, 'U kojemu su od sljedećih primjera riječi u antonimnome odnosu?', 'laž – neistina', 11, null, null, null);
INSERT INTO drzavnamatura.questions (id, correctAns, ansC, ansB, questionNumber, ansA, typeOfAnswer, question, ansD, subject_exam_year_id, super_question_id, question_img_id, ans_img_id) VALUES (14, 0, 'Obilježava ga hedonistički pristup svijetu i ideja slobodnoga tjelesnog i duhovnog razvoja pojedinca', 'Pjesništvo negira postojeće gramatičke i logičke strukture rečenice, što je odraz kaotičnoga ratnog stanja u svijetu', 43, 'Pjesnici stvaraju poseban pjesnički jezik bogat neologizmima, neobičnom metaforikom i mnoštvom stilskih figura.', 0, 'Koja se od sljedećih rečenica odnosi na gongorizam?', 'Obilježava ga dugotrajno nezadovoljstvo pojedinca vlastitim stanjem i težnja za nedostižnim.', 10, null, null, null);
INSERT INTO drzavnamatura.questions (id, correctAns, ansC, ansB, questionNumber, ansA, typeOfAnswer, question, ansD, subject_exam_year_id, super_question_id, question_img_id, ans_img_id) VALUES (15, 0, 'Konačno ušuškaše dječicu nakon napornoga dana.', 'Jednolično kloparanje vagona bilo je ušuškalo djecu.', 60, 'Majke oduvijek djecu uspješno ušuškavahu pričajući im bajke.', 0, 'U kojoj je od sljedećih rečenica upotrijebljen imperfekt?', 'Kad su bili ušuškali djecu, odahnuli su.', 9, null, null, null);
INSERT INTO drzavnamatura.questions (id, correctAns, ansC, ansB, questionNumber, ansA, typeOfAnswer, question, ansD, subject_exam_year_id, super_question_id, question_img_id, ans_img_id) VALUES (16, 0, 'It was too big for one visit.', 'It was too big for one visit.', 26, 'It was confusing to follow', 0, 'You hear a man talking to his friend about the exhibition he saw. What does he think about it?', '-', 3, 107, null, null);
INSERT INTO drzavnamatura.questions (id, correctAns, ansC, ansB, questionNumber, ansA, typeOfAnswer, question, ansD, subject_exam_year_id, super_question_id, question_img_id, ans_img_id) VALUES (17, 1, 'if', 'how', 15, 'when', 0, '23', '-', 4, 80, null, null);
INSERT INTO drzavnamatura.questions (id, correctAns, ansC, ansB, questionNumber, ansA, typeOfAnswer, question, ansD, subject_exam_year_id, super_question_id, question_img_id, ans_img_id) VALUES (18, 0, null, null, 22, 'like / with / including / containing', 1, '38', null, 3, 85, null, null);
INSERT INTO drzavnamatura.questions (id, correctAns, ansC, ansB, questionNumber, ansA, typeOfAnswer, question, ansD, subject_exam_year_id, super_question_id, question_img_id, ans_img_id) VALUES (19, 0, 'Ima ulogu primanja osjeta strujanja vode.', 'Smanjuje volumen tijekom podizanja ribe.', 38, 'Povećava volumen tijekom podizanja ribe.', 0, 'Koja se od navedenih tvrdnja odnosi na plivaći (riblji) mjehur šarana?', 'Ima ulogu spremišta metaboličke vode', 16, null, null, null);
INSERT INTO drzavnamatura.questions (id, correctAns, ansC, ansB, questionNumber, ansA, typeOfAnswer, question, ansD, subject_exam_year_id, super_question_id, question_img_id, ans_img_id) VALUES (20, 1, 'jer nikomu nije dopuštao da vidi slike', 'jer njegove slike nisu primjerene za crkvu', 24, 'jer misli da slikar svojim slikama priziva vještice', 0, 'Zašto prvi famulus želi da se sudi slikaru?', 'jer je prestao slikati', 8, 53, null, null);
INSERT INTO drzavnamatura.questions (id, correctAns, ansC, ansB, questionNumber, ansA, typeOfAnswer, question, ansD, subject_exam_year_id, super_question_id, question_img_id, ans_img_id) VALUES (21, 3, '850 Hz', '340 Hz', 20, '68 Hz', 0, 'Osnovna frekvencija stojnoga vala na napetoj žici učvršćenoj na obama krajevima iznosi 340 Hz. Kolika je frekvencija prikazanoga stojnog vala nastalog na istoj žici?', '1700 Hz', 13, null, 43, null);
INSERT INTO drzavnamatura.questions (id, correctAns, ansC, ansB, questionNumber, ansA, typeOfAnswer, question, ansD, subject_exam_year_id, super_question_id, question_img_id, ans_img_id) VALUES (22, 3, 'Smanjit će se sekrecija ureje i reapsorpcija aminokiselina', 'Povećat će se sekrecija ureje i reapsorpcija amonijaka', 23, 'Smanjit će se sekrecija ureje i reapsorpcija amonijaka', 0, 'Kako će dugoročna konzumacija velike količine bjelanjaka kokošjih jaja utjecati na rad nefrona u bubregu zdravoga čovjeka pri uobičajenoj tjelesnoj aktivnosti?', 'Povećat će se sekrecija ureje i reapsorpcija aminokiselina', 17, null, null, null);
INSERT INTO drzavnamatura.questions (id, correctAns, ansC, ansB, questionNumber, ansA, typeOfAnswer, question, ansD, subject_exam_year_id, super_question_id, question_img_id, ans_img_id) VALUES (23, 0, 'košarka-', 'košar-', 57, 'koš-', 0, 'Što je korijenski morfem u riječi košarkaški?', 'košarkašk-', 10, null, null, null);
INSERT INTO drzavnamatura.questions (id, correctAns, ansC, ansB, questionNumber, ansA, typeOfAnswer, question, ansD, subject_exam_year_id, super_question_id, question_img_id, ans_img_id) VALUES (24, 0, null, null, 37, '( (x-4)^2 + (y-4)^2 = 25 )', 1, 'Odredite jednadžbu kružnice kojom je opisan trokut ABC ako je A(8, 1), B(0, 7), C(0,1).', null, 19, null, null, null);
INSERT INTO drzavnamatura.questions (id, correctAns, ansC, ansB, questionNumber, ansA, typeOfAnswer, question, ansD, subject_exam_year_id, super_question_id, question_img_id, ans_img_id) VALUES (25, 2, 'kćeri mora', 'biblijska vremena', 1, 'stare žene', 0, 'Koji je od sljedećih izraza metafora za masline?', 'drevne knjige', 11, 64, null, null);
INSERT INTO drzavnamatura.questions (id, correctAns, ansC, ansB, questionNumber, ansA, typeOfAnswer, question, ansD, subject_exam_year_id, super_question_id, question_img_id, ans_img_id) VALUES (26, 1, 'Pristojno se vlada.', 'Ističe se građom tijela.', 21, 'Plašljiv je poput janjeta.', 0, 'Što je od sljedećega iskazano o Romeu?', 'Nagle je naravi', 8, 54, null, null);
INSERT INTO drzavnamatura.questions (id, correctAns, ansC, ansB, questionNumber, ansA, typeOfAnswer, question, ansD, subject_exam_year_id, super_question_id, question_img_id, ans_img_id) VALUES (27, 0, '0,973', '0,364', 24, '0,267', 0, 'Koliki je maseni udio natrijeva klorida u zasićenoj vodenoj otopini pri 30 °C ako je u 100 mL vode otopljeno 36,4 g soli uz pretpostavku da je gustoća vode 1,0 g m/L?', '1,000', 6, null, null, null);
INSERT INTO drzavnamatura.questions (id, correctAns, ansC, ansB, questionNumber, ansA, typeOfAnswer, question, ansD, subject_exam_year_id, super_question_id, question_img_id, ans_img_id) VALUES (28, 2, 'jer je očuh teško čitao njegov rukopis', 'jer se tako htio odužiti svojemu očuhu', 17, 'jer je želio zapisivati predavanja koja je slušao', 0, 'Zašto je Maksimilijan naučio pisati na pisaćemu stroju?', 'jer je htio postati novinar', 11, 43, null, null);
INSERT INTO drzavnamatura.questions (id, correctAns, ansC, ansB, questionNumber, ansA, typeOfAnswer, question, ansD, subject_exam_year_id, super_question_id, question_img_id, ans_img_id) VALUES (29, 3, 'jedan od onih obespravljenih mališa na kome bi čovjek nepristrana oka mogao otkriti i ljepotu', 'U travi, kraj toga djeteta, leži divna igračka, isto tako svježa kao i lice njezina vlasnika', 12, 'da gotovo pomišljamo kako ona i nisu od iste tvari od koje su djeca srednjeg staleža i sirotinje.', 0, 'U kojemu je od sljedećih primjera upotrijebljena ironija?', 'Dječakovi su roditelji sigurno zbog štednje uzeli tu igračku iz samog života.', 9, 72, null, null);
INSERT INTO drzavnamatura.questions (id, correctAns, ansC, ansB, questionNumber, ansA, typeOfAnswer, question, ansD, subject_exam_year_id, super_question_id, question_img_id, ans_img_id) VALUES (30, 3, 'Pa kad se još uzme u obzir njegov lugarski rang', 'Bio je on čovjek od oka,', 15, 'Poznata je stvar bila da u tri župe nije bilo takvog barjaktara', 0, 'Koji se primjer odnosi na Markovu etičku karakterizaciju?', 'Najbolje bi mu išlo u račun, kad bi pričekala bar dvije-tri nedjelje, pa onda umrla,', 10, 65, null, null);
INSERT INTO drzavnamatura.questions (id, correctAns, ansC, ansB, questionNumber, ansA, typeOfAnswer, question, ansD, subject_exam_year_id, super_question_id, question_img_id, ans_img_id) VALUES (31, 2, 'H2O i H2CO3', 'HCO3 – i OH–', 29, 'OH– i H2O', 0, 'Koji od navedenih parova predstavljaju Brønsted-Lowryjeve kiseline u zadanoj jednadžbi kemijske reakcije?', 'H2CO3 i HCO3 –', 6, null, 12, null);
INSERT INTO drzavnamatura.questions (id, correctAns, ansC, ansB, questionNumber, ansA, typeOfAnswer, question, ansD, subject_exam_year_id, super_question_id, question_img_id, ans_img_id) VALUES (32, 3, 'Objasnio je postanak prve stanice u davnoj prošlosti', 'Odredio je sastav Zemljine praatmosfere', 40, 'Razvio je model rane Zemlje.', 0, 'Koji je doprinos Stanleya Millera teorijama postanka života na Zemlji?', 'Dokazao je nastanak organskih tvari u abiotičkim uvjetima', 16, null, null, null);
INSERT INTO drzavnamatura.questions (id, correctAns, ansC, ansB, questionNumber, ansA, typeOfAnswer, question, ansD, subject_exam_year_id, super_question_id, question_img_id, ans_img_id) VALUES (33, 0, null, null, 56, 'Naziv događaja: udar meteorita (prirodna katastrofa). Objašnjenje: Prirodna katastrofa je uzrokovala masovno izumiranje dominantnih skupina (npr. veliki gmazovi) i oslobodila je ekološke niše za sisavce.', 1, 'Koji je događaj na prijelazu iz mezozoika u kenozoik uzrokovao velike promjene u ekološkim odnosima i omogućio značajno povećanje raznolikosti skupina organizama označenih brojevima 7, 8 i 9? Jednom rečenicom objasnite svoj odgovor. Navedi naziv događaja i objašnjenje.', null, 16, 27, null, null);
INSERT INTO drzavnamatura.questions (id, correctAns, ansC, ansB, questionNumber, ansA, typeOfAnswer, question, ansD, subject_exam_year_id, super_question_id, question_img_id, ans_img_id) VALUES (34, 2, 'vojnici sa slonovima', 'izgledale drukčije', 63, 'nekad su izgledale', 0, 'Koja je od sljedećih sintagma u sljedećoj rečenici atributna/odredbena sintagma? Šahovske figure nekad su izgledale drukčije: današnji lovci bili su vojnici sa slonovima, a topovi su sličili bornim kolima.', 'su sličili kolima', 9, null, null, null);
INSERT INTO drzavnamatura.questions (id, correctAns, ansC, ansB, questionNumber, ansA, typeOfAnswer, question, ansD, subject_exam_year_id, super_question_id, question_img_id, ans_img_id) VALUES (35, 0, null, null, 49, null, 2, 'Na slici zaokružite pokretnu vezu između nadlaktice i podlaktice.', null, 16, 16, null, 208);
INSERT INTO drzavnamatura.questions (id, correctAns, ansC, ansB, questionNumber, ansA, typeOfAnswer, question, ansD, subject_exam_year_id, super_question_id, question_img_id, ans_img_id) VALUES (36, 2, 'spokoj vlastitoga doma', 'mudrost narodnih pripovjedaka', 1, 'osjećaj nadmoći nad običnim ljudima', 0, 'Što od sljedećega lirskomu subjektu tegoban život čini podnošljivim?', 'divljenje drugih ljudi', 8, 59, null, null);
INSERT INTO drzavnamatura.questions (id, correctAns, ansC, ansB, questionNumber, ansA, typeOfAnswer, question, ansD, subject_exam_year_id, super_question_id, question_img_id, ans_img_id) VALUES (37, 0, null, null, 38, null, 1, 'Zadan je trokut ABC sa stranicama duljina |BC| = 4 cm i |AC| = 5 cm te kutom <BAC mjere 43°. Kolika je mjera kuta <ABC ?', null, 18, null, null, 158);
INSERT INTO drzavnamatura.questions (id, correctAns, ansC, ansB, questionNumber, ansA, typeOfAnswer, question, ansD, subject_exam_year_id, super_question_id, question_img_id, ans_img_id) VALUES (38, 0, 'Nije imao povjerenja u svoje sluge.', 'Sumnjao je u uspjeh svojega plana.', 7, 'Žudio je za Marijom Šabarićevom', 0, 'Što je od sljedećega iskazano o Alfredu Salettiju?', 'Potjecao je iz pekarske obitelji.', 10, 58, null, null);
INSERT INTO drzavnamatura.questions (id, correctAns, ansC, ansB, questionNumber, ansA, typeOfAnswer, question, ansD, subject_exam_year_id, super_question_id, question_img_id, ans_img_id) VALUES (39, 0, null, null, 58, null, 2, 'Prikažite Lewisovom simbolikom strukturnu formulu sulfatnoga iona.', null, 6, 6, null, 203);
INSERT INTO drzavnamatura.questions (id, correctAns, ansC, ansB, questionNumber, ansA, typeOfAnswer, question, ansD, subject_exam_year_id, super_question_id, question_img_id, ans_img_id) VALUES (40, 3, 'Edgar Allan Poe', 'Arthur Rimbaud', 49, 'Alphonse de Lamartine', 0, 'Koji je od sljedećih pjesnika pisao pod utjecajem nadrealizma?', 'Federico Garcia Lorca', 9, null, null, null);
INSERT INTO drzavnamatura.questions (id, correctAns, ansC, ansB, questionNumber, ansA, typeOfAnswer, question, ansD, subject_exam_year_id, super_question_id, question_img_id, ans_img_id) VALUES (41, 3, 'U početku je Bach izvodio "bratova" i druga glazbena djela.', 'Petar je čvrstim stiskom nastojao ublažiti "majčin" bol u ruci.', 58, 'Večer prije odlučujuće pobjede Brođanin je bio na "sestrinu" vjenčanju', 0, 'U kojoj je od sljedećih rečenica pridjev pod navodnicima u ženskome rodu?', 'Brat nije dijelio "očevu" radost zbog njegova povratka', 8, null, null, null);
INSERT INTO drzavnamatura.questions (id, correctAns, ansC, ansB, questionNumber, ansA, typeOfAnswer, question, ansD, subject_exam_year_id, super_question_id, question_img_id, ans_img_id) VALUES (42, 3, 'Brižan je i dobar suprug', 'Kreće se u gospodskome društvu.', 14, 'Ne sudjeluje u kućanskim poslovima', 0, 'Čime Marko izaziva divljenje muškaraca i žena?', 'Naočit je i veseo', 10, 65, null, null);
INSERT INTO drzavnamatura.questions (id, correctAns, ansC, ansB, questionNumber, ansA, typeOfAnswer, question, ansD, subject_exam_year_id, super_question_id, question_img_id, ans_img_id) VALUES (43, 2, '4', '3', 4, '2', 0, 'Ako je 27'''''' = 8, koliko je 9'''''' ?', '6', 19, null, null, null);
INSERT INTO drzavnamatura.questions (id, correctAns, ansC, ansB, questionNumber, ansA, typeOfAnswer, question, ansD, subject_exam_year_id, super_question_id, question_img_id, ans_img_id) VALUES (44, 3, 'uzajamna simpatija', 'uzajamna pomoć', 71, 'uzajamna podrška', 0, 'Koja je od sljedećih sintagma pleonazam?', 'uzajamna suradnja', 10, null, null, null);
INSERT INTO drzavnamatura.questions (id, correctAns, ansC, ansB, questionNumber, ansA, typeOfAnswer, question, ansD, subject_exam_year_id, super_question_id, question_img_id, ans_img_id) VALUES (45, 1, '4 mol', '8 mmol', 5, '4 mmol', 0, 'Kolika je množina dušične kiseline potrebna za potpunu neutralizaciju 200 mL vodene otopine barijeva hidroksida množinske koncentracije 0,02 mol /L?', '8 mol', 6, null, null, null);
INSERT INTO drzavnamatura.questions (id, correctAns, ansC, ansB, questionNumber, ansA, typeOfAnswer, question, ansD, subject_exam_year_id, super_question_id, question_img_id, ans_img_id) VALUES (46, 1, 'iz Ljetopisa popa Dukljanina', 'iz Lucidara', 39, 'iz Aleksandride', 0, 'Iz kojega je srednjovjekovnog djela sljedeći primjer? Učenik uprosi: Od česo imamo noć? Učitelj reče: Kada Slnce jest pod nami, tada jest noć.', 'iz Zapisa popa Martinca', 10, null, null, null);
INSERT INTO drzavnamatura.questions (id, correctAns, ansC, ansB, questionNumber, ansA, typeOfAnswer, question, ansD, subject_exam_year_id, super_question_id, question_img_id, ans_img_id) VALUES (47, 0, 'Zbog sumnja koje ga muče kraljević odgađa izvršenje osvete', 'Pjesnik je ujedno i glavni junak svoje alegorijske vizije zagrobnoga života', 41, 'Svoje pustolovine posvećuje seoskoj djevojci koju naziva Dulcineom od Tobosa', 0, 'Koja se od sljedećih tvrdnja odnosi na don Quijotea?', 'On je div čije su prve riječi nakon rođenja bile: „Piti, piti, piti!ˮ', 10, null, null, null);
INSERT INTO drzavnamatura.questions (id, correctAns, ansC, ansB, questionNumber, ansA, typeOfAnswer, question, ansD, subject_exam_year_id, super_question_id, question_img_id, ans_img_id) VALUES (48, 0, 'on', 'by', 14, 'up', 0, '22', '-', 4, 80, null, null);
INSERT INTO drzavnamatura.questions (id, correctAns, ansC, ansB, questionNumber, ansA, typeOfAnswer, question, ansD, subject_exam_year_id, super_question_id, question_img_id, ans_img_id) VALUES (49, 0, 'Sateliti se gibaju jednakim brzinama.', 'Sateliti imaju jednaka ophodna vremena.', 4, 'Na satelite djeluju jednake centripetalne sile.', 0, 'Dva satelita masa ( m_1 = 2m_2 ) gibaju se oko Zemlje po kružnim putanjama jednakih polumjera ( r_1 = r_2 ). Koja od navedenih tvrdnja ne vrijedi za gibanje satelita?', 'Sateliti se gibaju jednakim centripetalnim ubrzanjima.', 12, null, null, null);
INSERT INTO drzavnamatura.questions (id, correctAns, ansC, ansB, questionNumber, ansA, typeOfAnswer, question, ansD, subject_exam_year_id, super_question_id, question_img_id, ans_img_id) VALUES (50, 2, 'grew up in a poor neighbourhood', 'came from a single-parent family.', 36, 'was an only child.', 0, 'Ben', '-', 2, 103, null, null);
INSERT INTO drzavnamatura.questions (id, correctAns, ansC, ansB, questionNumber, ansA, typeOfAnswer, question, ansD, subject_exam_year_id, super_question_id, question_img_id, ans_img_id) VALUES (51, 3, 'donijela je kolač', 'donijela mi je', 62, 'jutros je donijela', 0, 'Koja je sintagma u sljedećoj rečenici atributna/odredbena sintagma? Jutros mi je majka u krevet donijela kolač s jabukama.', 'kolač s jabukama', 8, null, null, null);
INSERT INTO drzavnamatura.questions (id, correctAns, ansC, ansB, questionNumber, ansA, typeOfAnswer, question, ansD, subject_exam_year_id, super_question_id, question_img_id, ans_img_id) VALUES (52, 2, 'Neki likovi i motivi preuzeti su iz Plautove Aulularije.', 'Pametan đak razotkriva mane škrtih i pohlepnih građana.', 44, 'Ima dva prologa od kojih se u prvome govori o dvjema vrstama ljudi.', 0, 'Koja se od sljedećih tvrdnja odnosi na Molièreovu komediju Škrtac?', 'Prati uspon i bogaćenje jedne građanske obitelji.', 8, null, null, null);
INSERT INTO drzavnamatura.questions (id, correctAns, ansC, ansB, questionNumber, ansA, typeOfAnswer, question, ansD, subject_exam_year_id, super_question_id, question_img_id, ans_img_id) VALUES (53, 0, 'Darujemo vas poklonima u povodu blagdana.', 'Dječak je na ulici zamolio glumca fotografiranje.', 65, 'Uspjeh putovanja ovisi o tome kad se polazi na put.', 0, 'Koja je od sljedećih rečenica gramatički točna?', 'Potrošači ne vole kad ih lažu o proizvodima', 11, null, null, null);
INSERT INTO drzavnamatura.questions (id, correctAns, ansC, ansB, questionNumber, ansA, typeOfAnswer, question, ansD, subject_exam_year_id, super_question_id, question_img_id, ans_img_id) VALUES (54, 2, '2.4', '1.6', 10, '0.9', 0, 'Čemu je jednak y u rješenju sustava jednadžba', '3.2', 19, null, 92, null);
INSERT INTO drzavnamatura.questions (id, correctAns, ansC, ansB, questionNumber, ansA, typeOfAnswer, question, ansD, subject_exam_year_id, super_question_id, question_img_id, ans_img_id) VALUES (55, 0, null, null, 29, null, 2, 'Na optičku rešetku s 1000 zareza po milimetru upada bijela svjetlost. Pod kojim se kutom vidi prvi maksimum za ljubičastu svjetlost valne duljine 400 nm?', null, 12, null, null, 156);
INSERT INTO drzavnamatura.questions (id, correctAns, ansC, ansB, questionNumber, ansA, typeOfAnswer, question, ansD, subject_exam_year_id, super_question_id, question_img_id, ans_img_id) VALUES (56, 1, 'C', 'B', 31, 'A', 0, 'Koji od sljedećih primjera sadrži akrostih?', 'D', 8, null, 86, null);
INSERT INTO drzavnamatura.questions (id, correctAns, ansC, ansB, questionNumber, ansA, typeOfAnswer, question, ansD, subject_exam_year_id, super_question_id, question_img_id, ans_img_id) VALUES (57, 0, 'jer je Hanno prekrižio svoje ime', 'jer je Hanno uzeo majčino zlatno pero', 12, 'jer je Hanno crtao po genealoškome stablu', 0, 'Zašto je senator ljut na Hanna?', 'jer je Hanno bio neuredan', 11, 42, null, null);
INSERT INTO drzavnamatura.questions (id, correctAns, ansC, ansB, questionNumber, ansA, typeOfAnswer, question, ansD, subject_exam_year_id, super_question_id, question_img_id, ans_img_id) VALUES (58, 1, 'Because of her interview', 'Because she has experience', 31, 'Because of her qualifications', 0, 'You hear two people talking about job applicants. Why do they decide to employ Linda?', '-', 3, 107, null, null);
INSERT INTO drzavnamatura.questions (id, correctAns, ansC, ansB, questionNumber, ansA, typeOfAnswer, question, ansD, subject_exam_year_id, super_question_id, question_img_id, ans_img_id) VALUES (59, 0, null, null, 20, 'never', 1, '28', null, 4, 83, null, null);
INSERT INTO drzavnamatura.questions (id, correctAns, ansC, ansB, questionNumber, ansA, typeOfAnswer, question, ansD, subject_exam_year_id, super_question_id, question_img_id, ans_img_id) VALUES (60, 0, null, null, 22, 'did', 1, '30', null, 4, 83, null, null);
INSERT INTO drzavnamatura.questions (id, correctAns, ansC, ansB, questionNumber, ansA, typeOfAnswer, question, ansD, subject_exam_year_id, super_question_id, question_img_id, ans_img_id) VALUES (61, 1, 'In order to travel', 'For the experience', 31, 'For the money', 0, 'You hear Ashton talking about his new job. Why did he choose this job?', '-', 2, 108, null, null);
INSERT INTO drzavnamatura.questions (id, correctAns, ansC, ansB, questionNumber, ansA, typeOfAnswer, question, ansD, subject_exam_year_id, super_question_id, question_img_id, ans_img_id) VALUES (62, 2, 'pisati na tenane', 'računati s čitaocem', 29, 'baviti se književništvom od zanata', 0, 'Što od sljedećega autor smatra pozitivnim?', 'dirinčiti noć na noć', 8, 51, null, null);
INSERT INTO drzavnamatura.questions (id, correctAns, ansC, ansB, questionNumber, ansA, typeOfAnswer, question, ansD, subject_exam_year_id, super_question_id, question_img_id, ans_img_id) VALUES (63, 3, '13,06 eV', '12,75 eV', 23, '10,21 eV', 0, 'Kolika je najmanja energija potrebna za ionizaciju atoma vodika koji se nalazi u osnovnome stanju?', '13,60 eV', 13, null, null, null);
INSERT INTO drzavnamatura.questions (id, correctAns, ansC, ansB, questionNumber, ansA, typeOfAnswer, question, ansD, subject_exam_year_id, super_question_id, question_img_id, ans_img_id) VALUES (64, 3, '( (n^2-k^2)(n^2+k^2) )', '( (n-k)^2(n^2+k^2) )', 14, '( (n-k)^2(n+k)^2 )', 0, 'Razlika kvadrata brojeva n i k pomnožena je s kvadratom zbroja brojeva n i k. Koji od navedenih izraza odgovara tomu opisu?', '( (n^2-k^2)(n+k)^2 )', 14, null, null, null);
INSERT INTO drzavnamatura.questions (id, correctAns, ansC, ansB, questionNumber, ansA, typeOfAnswer, question, ansD, subject_exam_year_id, super_question_id, question_img_id, ans_img_id) VALUES (65, 0, 'kako bi zabavile njegove goste', 'kako bi se pohvalio pred gostima', 13, 'kako bi ih spriječio da jedu grožđe', 0, 'Zašto je Cintek naredio djevojkama u vinogradu da pjevaju za vrijeme berbe?', 'kako bi berači bili radosniji', 11, 38, null, null);
INSERT INTO drzavnamatura.questions (id, correctAns, ansC, ansB, questionNumber, ansA, typeOfAnswer, question, ansD, subject_exam_year_id, super_question_id, question_img_id, ans_img_id) VALUES (66, 3, 'Zna se da je važno stići na vrijeme.', 'Krenuo je rano da stigne na vrijeme.', 64, 'Budući da je rano krenuo, stigao je na vrijeme', 0, 'Koja je od sljedećih rečenica zavisnosložena objektna rečenica?', 'Rekao je da će stići na vrijeme', 11, null, null, null);
INSERT INTO drzavnamatura.questions (id, correctAns, ansC, ansB, questionNumber, ansA, typeOfAnswer, question, ansD, subject_exam_year_id, super_question_id, question_img_id, ans_img_id) VALUES (67, 0, 'modri se grožđe, i zri bobulja sure smreke, niz bor se smola toči.', 'Podne je... Kao voda tišinom razlijeva se sunčani ditiramb.', 35, 'U utrobi se mojoj ljuljuška more tamno. Na leđima mi šuma, što nagli trgnu srh. Dvije stijene, dva obronka postaše moji boci, A glava – gorski vrh.', 0, 'U kojemu je od sljedećih primjera upotrijebljena hiperbola?', 'cvrči, cvrči cvrčak na čvoru crne smrče', 10, null, null, null);
INSERT INTO drzavnamatura.questions (id, correctAns, ansC, ansB, questionNumber, ansA, typeOfAnswer, question, ansD, subject_exam_year_id, super_question_id, question_img_id, ans_img_id) VALUES (68, 0, null, null, 27, null, 2, 'U košarkaškoj lopti polumjera 30 cm tlak zraka iznosi 170 kPa na temperaturi 27 °C. Koliko iznosi množina zraka u lopti? Pretpostavite da je zrak idealni plin.', null, 12, null, null, 159);
INSERT INTO drzavnamatura.questions (id, correctAns, ansC, ansB, questionNumber, ansA, typeOfAnswer, question, ansD, subject_exam_year_id, super_question_id, question_img_id, ans_img_id) VALUES (69, 0, null, null, 31, null, 1, 'Napišite neku kvadratnu jednadžbu čija su rješenja različita i jedno je pet puta veće od drugoga.', null, 15, null, null, 139);