INSERT INTO subjects (id, subject_name) VALUES (1, 'Test');
INSERT INTO subjects (id, subject_name) VALUES (2, 'Engleski jezik - viša razina');
INSERT INTO subjects (id, subject_name) VALUES (3, 'Engleski jezik - osnovna razina');
INSERT INTO subjects (id, subject_name) VALUES (4, 'Kemija');
INSERT INTO subjects (id, subject_name) VALUES (5, 'Hrvatski jezik - viša razina');
INSERT INTO subjects (id, subject_name) VALUES (6, 'Hrvatski jezik - osnovna razina');
INSERT INTO subjects (id, subject_name) VALUES (7, 'Fizika');
INSERT INTO subjects (id, subject_name) VALUES (8, 'Matematika - osnovna razina');
INSERT INTO subjects (id, subject_name) VALUES (9, 'Biologija');
INSERT INTO subjects (id, subject_name) VALUES (10, 'Matematika - viša razina');

INSERT INTO exam_year (id, exam_name) VALUES (1, '2019./20. JESEN');
INSERT INTO exam_year (id, exam_name) VALUES (2, '2019./20. LJETO');

INSERT INTO files (id, file_name, file_type) VALUES (1, '2988fe9356d6f227116af6c1e4360c09', '0');
INSERT INTO files (id, file_name, file_type) VALUES (2, '6335caeec8976a477982022c31cd5a8b', '0');
INSERT INTO files (id, file_name, file_type) VALUES (3, 'a5a4c17f4fff291fac0ff1fe5ced2306', '0');
INSERT INTO files (id, file_name, file_type) VALUES (4, 'd712261aa4b213b92ed98db55250e005', '0');
INSERT INTO files (id, file_name, file_type) VALUES (5, 'a93656d71de14de2d281a93b61f76d21', '0');
INSERT INTO files (id, file_name, file_type) VALUES (6, '07638e8d47fbbcea1aae12cad2a23497', '0');
INSERT INTO files (id, file_name, file_type) VALUES (7, '704a71595ad29ff9b43bd653529a6d58', '0');
INSERT INTO files (id, file_name, file_type) VALUES (8, '94c57c0a71db191a7560b010225e7607', '0');
INSERT INTO files (id, file_name, file_type) VALUES (9, 'f48c1c33f9f27385dd61005f94a65400', '0');
INSERT INTO files (id, file_name, file_type) VALUES (10, '0c220439592913fa1878be17c2d38d6d', '0');
INSERT INTO files (id, file_name, file_type) VALUES (11, 'ef129faaa3d806707e772c40a83f305a', '0');
INSERT INTO files (id, file_name, file_type) VALUES (12, '9b43775bb92282c53c702d417d5b77ab', '0');
INSERT INTO files (id, file_name, file_type) VALUES (13, '56e94f543c3c7e2e3ed9dc25d7d2f3f1', '0');
INSERT INTO files (id, file_name, file_type) VALUES (14, '8b1b481513ba1502a7be9eaa22d48780', '0');
INSERT INTO files (id, file_name, file_type) VALUES (15, '2eb0091bca35229881e42b2a121bf56c', '0');
INSERT INTO files (id, file_name, file_type) VALUES (16, '26b188e1f6ba7f958a2ea62bddfc6525', '0');
INSERT INTO files (id, file_name, file_type) VALUES (17, 'fa4f16e547a4ae64a453dce63f71b1bf', '0');
INSERT INTO files (id, file_name, file_type) VALUES (18, '83bd452030c977fa38fcfdf5d9f30e3b', '0');
INSERT INTO files (id, file_name, file_type) VALUES (19, 'f6570d19ce8838e578df8e6d1d12974b', '0');
INSERT INTO files (id, file_name, file_type) VALUES (20, '0d7dbf3e91717753e377119ba57e0197', '0');
INSERT INTO files (id, file_name, file_type) VALUES (21, '64f3114b24fcfc527e03fb3ce9ccedb8', '0');
INSERT INTO files (id, file_name, file_type) VALUES (22, '9fa545a011291f40c378269adc7cb34d', '0');
INSERT INTO files (id, file_name, file_type) VALUES (23, '91658c8d80ae8e673f1eef73b13b4b47', '0');
INSERT INTO files (id, file_name, file_type) VALUES (24, '07065939b05460437febff073e2feec3', '0');
INSERT INTO files (id, file_name, file_type) VALUES (25, '65be2b4030fc5e8364e2ceb870631eb8', '0');
INSERT INTO files (id, file_name, file_type) VALUES (26, '33f54503010ee949acee1ea184c45abf', '0');
INSERT INTO files (id, file_name, file_type) VALUES (27, 'f889555cd5f22928a5bac5a3c80ea823', '0');
INSERT INTO files (id, file_name, file_type) VALUES (28, '2f41c21895a5a45ed9d2c9dd3d415726', '0');
INSERT INTO files (id, file_name, file_type) VALUES (29, '97c65fce936ed3d87d95d037f23130fd', '0');
INSERT INTO files (id, file_name, file_type) VALUES (30, 'af6fce8125c22243ecb29d264e08837d', '0');
INSERT INTO files (id, file_name, file_type) VALUES (31, 'fb4ae9b899f14c4293c7f6f1dbf7329b', '0');
INSERT INTO files (id, file_name, file_type) VALUES (32, '0557b3b85a7bf8561e8a2d0bd185791d', '0');
INSERT INTO files (id, file_name, file_type) VALUES (33, '639ddd52faeebcbd2dbe06e12b7662aa', '0');
INSERT INTO files (id, file_name, file_type) VALUES (34, '8f2074477d2d3b4f75adb08b4cf60520', '0');
INSERT INTO files (id, file_name, file_type) VALUES (35, 'f5ebb39413f109d69afc2bb9a53c753d', '0');
INSERT INTO files (id, file_name, file_type) VALUES (36, '56ff2f131fd6aea6a15828fb84a29fc6', '0');
INSERT INTO files (id, file_name, file_type) VALUES (37, '51e9944b840cf604048e16db03e9469d', '0');
INSERT INTO files (id, file_name, file_type) VALUES (38, '78cc72e2fe98c07b2bdb728ec6e13038', '0');
INSERT INTO files (id, file_name, file_type) VALUES (39, 'f893b124993484cab80d3a597e0f734b', '0');
INSERT INTO files (id, file_name, file_type) VALUES (40, 'a3e99548efe65013233a88a600f4f7d9', '0');
INSERT INTO files (id, file_name, file_type) VALUES (41, '53b0266a44a618cf8a10c560b96f516e', '0');
INSERT INTO files (id, file_name, file_type) VALUES (42, '33c8b41b75ff95a52c85b63c6b123ab9', '0');
INSERT INTO files (id, file_name, file_type) VALUES (43, 'fb6f30b3f1d9ad7df125ff953cc1622f', '0');
INSERT INTO files (id, file_name, file_type) VALUES (44, 'a5924959f4c5b6f653a371a98f15ad8a', '0');
INSERT INTO files (id, file_name, file_type) VALUES (45, '6c0b2f880436d6d3287616afdca731bc', '0');
INSERT INTO files (id, file_name, file_type) VALUES (46, 'a6865843cb38be915fd3f44c1f77b0d7', '0');
INSERT INTO files (id, file_name, file_type) VALUES (47, '3affda77a5b810b649fac6d4f911e2a0', '0');
INSERT INTO files (id, file_name, file_type) VALUES (48, 'ef76465fcc7bca741e219d8bcccbda4b', '0');
INSERT INTO files (id, file_name, file_type) VALUES (49, 'e1c8ba9242f9b622687ed0c865fb2a97', '0');
INSERT INTO files (id, file_name, file_type) VALUES (50, '71f1c96f32076e0d3b9f55fac1ddb52f', '0');
INSERT INTO files (id, file_name, file_type) VALUES (51, '30396508a3126553a370f838dc5dd9b0', '0');
INSERT INTO files (id, file_name, file_type) VALUES (52, '8bf05d51378761921beef70e10c70b28', '0');
INSERT INTO files (id, file_name, file_type) VALUES (53, '3b1a589239e0cae5f9fbba70ffe351fb', '0');
INSERT INTO files (id, file_name, file_type) VALUES (54, '2e0396987d3da9758ec7d6ede09027b5', '0');
INSERT INTO files (id, file_name, file_type) VALUES (55, 'd21b0ee7cc640fe0d5f328f359e16da1', '0');
INSERT INTO files (id, file_name, file_type) VALUES (56, '79f3ebd1244246d67026eb87be221392', '0');
INSERT INTO files (id, file_name, file_type) VALUES (57, '7deb8bf472a838cbc9a85534b01703d1', '0');
INSERT INTO files (id, file_name, file_type) VALUES (58, '02af3b5096ce84241228e706dd958494', '0');
INSERT INTO files (id, file_name, file_type) VALUES (59, 'bb128b2e63da3b32882d21c0f8b54095', '0');
INSERT INTO files (id, file_name, file_type) VALUES (60, '115e21de50e0f62b4b6cd3bb499d31c9', '0');
INSERT INTO files (id, file_name, file_type) VALUES (61, 'ab5b661d8dd141a1cacb0ee2ac59ccc5', '0');
INSERT INTO files (id, file_name, file_type) VALUES (62, '5df9ceb86b8d6fc076348effc869d62b', '0');
INSERT INTO files (id, file_name, file_type) VALUES (63, 'e99518679e8023404b041c85be74ae48', '0');
INSERT INTO files (id, file_name, file_type) VALUES (64, '7a8464c122a5e481da6d5babd2cb61b6', '0');
INSERT INTO files (id, file_name, file_type) VALUES (65, 'abc144ec2dcb38bd1e851f8555187844', '0');
INSERT INTO files (id, file_name, file_type) VALUES (66, 'e997c27dd527b642975a2a6308ba8e2e', '0');
INSERT INTO files (id, file_name, file_type) VALUES (67, 'c939d93da73f69fc310d2d850cc00b31', '0');
INSERT INTO files (id, file_name, file_type) VALUES (68, '23f7f3fdde9c11ada4c46dfc1cec97f4', '0');
INSERT INTO files (id, file_name, file_type) VALUES (69, '8330c662176e78af1363fac476fa65b8', '0');
INSERT INTO files (id, file_name, file_type) VALUES (70, 'b7ec92a7f955606412f1fcc4a9c0562e', '0');
INSERT INTO files (id, file_name, file_type) VALUES (71, 'a8961c36f8f351ded68cbf8f48c2eb0b', '0');
INSERT INTO files (id, file_name, file_type) VALUES (72, '5940408bcdb412177d7dbc1fb27a131c', '0');
INSERT INTO files (id, file_name, file_type) VALUES (73, '8fe36681813a63e6d81467903a79f8e7', '0');
INSERT INTO files (id, file_name, file_type) VALUES (74, 'aecf8290d93922b1f8e65db95ca57672', '0');
INSERT INTO files (id, file_name, file_type) VALUES (75, '54a267711e9dcb4ebf42f776827ea76e', '0');
INSERT INTO files (id, file_name, file_type) VALUES (76, 'faa60db00c34e948f2ec986622910654', '0');
INSERT INTO files (id, file_name, file_type) VALUES (77, 'f352ba5abe14f0254dc0228228985df8', '0');
INSERT INTO files (id, file_name, file_type) VALUES (78, '71e41315973aa21868bd92e422a17816', '0');
INSERT INTO files (id, file_name, file_type) VALUES (79, '28b5052dae0fb10b7a67879c246fe0e4', '0');
INSERT INTO files (id, file_name, file_type) VALUES (80, '8d43595419ec6e8bd2f8794b79047886', '0');
INSERT INTO files (id, file_name, file_type) VALUES (81, '4d57e2fe463d790d6a165db159658f03', '0');
INSERT INTO files (id, file_name, file_type) VALUES (82, '80bcb67969019caaf65fbad8c8cf043b', '0');
INSERT INTO files (id, file_name, file_type) VALUES (83, 'ebc9099e4ca22307a949b005d1e6250e', '0');
INSERT INTO files (id, file_name, file_type) VALUES (84, '7ad9f58cbeb56515a938a3c262dbb1ea', '0');
INSERT INTO files (id, file_name, file_type) VALUES (85, '5a06c0b931eccb7872b2023dacbb82d9', '0');
INSERT INTO files (id, file_name, file_type) VALUES (86, 'e2655bcd2f54ffcd730658ec4b96b8cc', '0');
INSERT INTO files (id, file_name, file_type) VALUES (87, '717a63d48ba0c8a2e422d8e0ec82e294', '0');
INSERT INTO files (id, file_name, file_type) VALUES (88, '5b682b000d604d626bdf3041d5b8acc7', '0');
INSERT INTO files (id, file_name, file_type) VALUES (89, 'f96fe1dff18097ae04aa7cd25b4378e3', '0');
INSERT INTO files (id, file_name, file_type) VALUES (90, '34639605a78143f23cf7d4c063ac2297', '0');
INSERT INTO files (id, file_name, file_type) VALUES (91, 'ca931153b87e33c810e1eefe5348d411', '0');
INSERT INTO files (id, file_name, file_type) VALUES (92, '7a0502894dd687d72d0b425dcba279f0', '0');
INSERT INTO files (id, file_name, file_type) VALUES (93, 'cb6c3ce888f227f83170dab0c30ab794', '0');
INSERT INTO files (id, file_name, file_type) VALUES (94, '5699697cd1561e27528c47ca1abaad51', '0');
INSERT INTO files (id, file_name, file_type) VALUES (95, '8c41d965dc89065bdddbbcdfa584df40', '0');
INSERT INTO files (id, file_name, file_type) VALUES (96, '328d90e45591b727638f388a1f77f897', '0');
INSERT INTO files (id, file_name, file_type) VALUES (97, 'dd511ec84b01c85734eada030c79218c', '0');
INSERT INTO files (id, file_name, file_type) VALUES (98, '6007bce7b143167a66c630fba5932fed', '0');
INSERT INTO files (id, file_name, file_type) VALUES (99, '9c829220d114a4d1a3511885df0d86d9', '0');
INSERT INTO files (id, file_name, file_type) VALUES (100, 'cdc864441dea925e6e50eb9b9011b56a', '0');
INSERT INTO files (id, file_name, file_type) VALUES (101, '38be863557532c4b20fa7de015fae01f', '0');
INSERT INTO files (id, file_name, file_type) VALUES (102, '09f2907afb61bc7b1be45f681330e09a', '0');
INSERT INTO files (id, file_name, file_type) VALUES (128, 'a75941436be3b0a3b0bbe6beb54caab5', '0');
INSERT INTO files (id, file_name, file_type) VALUES (129, '274177977dd34fb1bf140c67a2265892', '0');
INSERT INTO files (id, file_name, file_type) VALUES (130, '570ed422c8663f42fc90311220bf0a89', '0');
INSERT INTO files (id, file_name, file_type) VALUES (131, '60d884972daeb72e7fcbee2a9c34b415', '0');
INSERT INTO files (id, file_name, file_type) VALUES (132, 'd7998a741395ee2b3870424f2770ec85', '0');
INSERT INTO files (id, file_name, file_type) VALUES (133, 'c95feda3af59d2441ed5545352f95b28', '0');
INSERT INTO files (id, file_name, file_type) VALUES (134, '527bd30dffb6917676e36ee0e216eb0c', '0');
INSERT INTO files (id, file_name, file_type) VALUES (135, 'f343d1f5f24fbe8cebda57e5f8ed47ba', '0');
INSERT INTO files (id, file_name, file_type) VALUES (136, '02e168b7a8e5c8fd5f71bbe9af9289fe', '0');
INSERT INTO files (id, file_name, file_type) VALUES (137, '2ca29d9f39a6de996cd7bca767286535', '0');
INSERT INTO files (id, file_name, file_type) VALUES (138, '8a61fa9781866d4df70e260bf3cce574', '0');
INSERT INTO files (id, file_name, file_type) VALUES (139, '74ca26c20bb953361dd19f7b2e08f597', '0');
INSERT INTO files (id, file_name, file_type) VALUES (140, '8ed0d8f6859c5bafe04e9f46101b3ed1', '0');
INSERT INTO files (id, file_name, file_type) VALUES (141, '627ba171467a01a020f85bdd45b05475', '0');
INSERT INTO files (id, file_name, file_type) VALUES (142, 'ec4a1d207326e08f232d515aa1e41cf6', '0');
INSERT INTO files (id, file_name, file_type) VALUES (143, '282ab0333720ea8917a9c9dd4626cbfd', '0');
INSERT INTO files (id, file_name, file_type) VALUES (144, 'f231c2a6e82afff97a59c12e9d6d5cb4', '0');
INSERT INTO files (id, file_name, file_type) VALUES (145, 'd785b3fe5eadb0c777b415f6fe32d9b1', '0');
INSERT INTO files (id, file_name, file_type) VALUES (146, '554d34443f7b2c61140521dca2573a78', '0');
INSERT INTO files (id, file_name, file_type) VALUES (147, '735cf22de33fd388fc6805b37da03124', '0');
INSERT INTO files (id, file_name, file_type) VALUES (148, '3f15cd2ffbee0afc1d22f20478c47185', '0');
INSERT INTO files (id, file_name, file_type) VALUES (149, 'b2825ce9a3d0f10f4e9693a66d4a07e9', '0');
INSERT INTO files (id, file_name, file_type) VALUES (150, '17fc570d230df0b55b1c975baadf78e5', '0');
INSERT INTO files (id, file_name, file_type) VALUES (151, 'd87913126b98b409b3e5888d9874d180', '0');
INSERT INTO files (id, file_name, file_type) VALUES (152, '8b2b2b4645d8ffced9360ba385d08a54', '0');
INSERT INTO files (id, file_name, file_type) VALUES (153, '59003c5d45cb62591dc7413f7329f605', '0');
INSERT INTO files (id, file_name, file_type) VALUES (154, '8b4ddf3294532b668458c08020245b28', '0');
INSERT INTO files (id, file_name, file_type) VALUES (155, '780421f07eae21ace7fb24497f2d3c37', '0');
INSERT INTO files (id, file_name, file_type) VALUES (156, '8cc1a6cdb0b3858af23750f8630dc030', '0');
INSERT INTO files (id, file_name, file_type) VALUES (157, 'd4c619c2953c5090555663f1e0f652a6', '0');
INSERT INTO files (id, file_name, file_type) VALUES (158, '310e3c5d8841eb7d7eb3edcc559f5647', '0');
INSERT INTO files (id, file_name, file_type) VALUES (159, '036c723072a3a31819a0df3599b23825', '0');
INSERT INTO files (id, file_name, file_type) VALUES (160, 'bda511abc2fc649eda7e74ea43e4fa86', '0');
INSERT INTO files (id, file_name, file_type) VALUES (161, '2eafaafeea8b0eccc47b019c45769898', '0');
INSERT INTO files (id, file_name, file_type) VALUES (162, '94584c7502ac359c9f1723c497dce3d6', '0');
INSERT INTO files (id, file_name, file_type) VALUES (163, '02e55ce0835793eb8e5c65ce10cb4b9d', '0');
INSERT INTO files (id, file_name, file_type) VALUES (164, 'a43e857462541e3579b99510cd74b086', '0');
INSERT INTO files (id, file_name, file_type) VALUES (165, '02f5d1f02ced217910cd683e460739a2', '0');
INSERT INTO files (id, file_name, file_type) VALUES (166, '16cfd1a066c2225fc9508a93bf54a3d1', '0');
INSERT INTO files (id, file_name, file_type) VALUES (167, '63cb95586f8cc00a98104f8850844f88', '0');
INSERT INTO files (id, file_name, file_type) VALUES (168, '6b489831fb2fa62b6e63dde21b222248', '0');
INSERT INTO files (id, file_name, file_type) VALUES (169, '5f22d69ed60e0af37c7e884ab74c7f50', '0');
INSERT INTO files (id, file_name, file_type) VALUES (170, '50c06dd1c8dba62becd3b82b4acac96e', '0');
INSERT INTO files (id, file_name, file_type) VALUES (171, '67da9a9dbacdd61b7610ae3ffa0a037f', '0');
INSERT INTO files (id, file_name, file_type) VALUES (172, 'fb4d0b0b21d76ffc28d5b2439d7197ed', '0');
INSERT INTO files (id, file_name, file_type) VALUES (173, 'c5ecb50713134c16c72dcb8c96344079', '0');
INSERT INTO files (id, file_name, file_type) VALUES (174, 'c0852e1aa68137c12179c501daec55ac', '0');
INSERT INTO files (id, file_name, file_type) VALUES (175, '029a5e8fb36edcdfbca2d3993b7bc334', '0');
INSERT INTO files (id, file_name, file_type) VALUES (176, '0bccc13124d9189f17fb9a74796c2db6', '0');
INSERT INTO files (id, file_name, file_type) VALUES (177, 'a5e6c58711ac74319c5113d8f5748e65', '0');
INSERT INTO files (id, file_name, file_type) VALUES (178, '509360247acf0bc009ecb8d006d31f9d', '0');
INSERT INTO files (id, file_name, file_type) VALUES (179, 'abae3d78fb51692c42e73114ba63bedb', '0');
INSERT INTO files (id, file_name, file_type) VALUES (180, '0755c196992fe88a2d5ab98b37ffcec5', '0');
INSERT INTO files (id, file_name, file_type) VALUES (181, '260736cc14e538ae6251b78a1b4a9752', '0');
INSERT INTO files (id, file_name, file_type) VALUES (182, 'd2a2956eb71ccceb84c425f060a9dffd', '0');
INSERT INTO files (id, file_name, file_type) VALUES (183, 'f0fde78f0e081b32bbffe0ef5c39f108', '0');
INSERT INTO files (id, file_name, file_type) VALUES (184, '8144e016e04c89c3cff081a288dea1d9', '0');
INSERT INTO files (id, file_name, file_type) VALUES (185, '3e26a7b145f99115577bdf3efe14a8d3', '0');
INSERT INTO files (id, file_name, file_type) VALUES (186, 'b7304f88f24cdcf71e136654a38ff7bf', '0');
INSERT INTO files (id, file_name, file_type) VALUES (187, 'a93e3d9bb1e001b5956cbb18f6cd4aa5', '0');
INSERT INTO files (id, file_name, file_type) VALUES (188, '17d887a142c1f710af06b99a858c2ec7', '0');
INSERT INTO files (id, file_name, file_type) VALUES (189, '8d332d6a658d61809619e6bd4cf199de', '0');
INSERT INTO files (id, file_name, file_type) VALUES (190, '6ffadacf74833899416c8741354453de', '0');
INSERT INTO files (id, file_name, file_type) VALUES (191, '7d6146632d084b526d89ecacc0acd736', '0');
INSERT INTO files (id, file_name, file_type) VALUES (192, '69efbddc76dd0bf11d23d71cdeac6744', '0');
INSERT INTO files (id, file_name, file_type) VALUES (193, 'f87e23cda0a7256106d0890ab5297712', '0');
INSERT INTO files (id, file_name, file_type) VALUES (194, '3cc414875328f1bb420b6eaaac209d62', '0');
INSERT INTO files (id, file_name, file_type) VALUES (195, 'da8ba8759ee66345c408023b2367e78a', '0');
INSERT INTO files (id, file_name, file_type) VALUES (196, 'dc3660d65d8c4c994f55912e58425496', '0');
INSERT INTO files (id, file_name, file_type) VALUES (197, '3ea37b297361bb69b613e7d4c888d38c', '0');
INSERT INTO files (id, file_name, file_type) VALUES (198, 'becb3296a9b005e8b458d7777d5fa272', '0');
INSERT INTO files (id, file_name, file_type) VALUES (199, '85bc1a2afac5d4e28ebde2f0afafc3e5', '0');
INSERT INTO files (id, file_name, file_type) VALUES (200, '59b5ba400465dac81961efc67bdaf8ed', '0');
INSERT INTO files (id, file_name, file_type) VALUES (201, 'c99c956316a27e0dc3b94ad600f66466', '0');
INSERT INTO files (id, file_name, file_type) VALUES (202, 'da87b8f43ad2a1c63b7497fa721a8a02', '0');
INSERT INTO files (id, file_name, file_type) VALUES (203, '700af0ba32ad385dc5ad12315e53601f', '0');
INSERT INTO files (id, file_name, file_type) VALUES (204, '517188112c96a9998530c8f203c82ff6', '0');
INSERT INTO files (id, file_name, file_type) VALUES (205, 'e6076dd87af4d4eefae2b2c4cb5f646f', '0');
INSERT INTO files (id, file_name, file_type) VALUES (206, '884b4b2b4c1a924551d1af62e48523ac', '0');
INSERT INTO files (id, file_name, file_type) VALUES (207, '66d58b139ac20653eb2806ef3a9c1871', '0');
INSERT INTO files (id, file_name, file_type) VALUES (208, '066c0e7c83a8bc5b0267a43a065cceaa', '0');
INSERT INTO files (id, file_name, file_type) VALUES (209, '51bc069259fb8d31f30f0d9258ece649', '0');
INSERT INTO files (id, file_name, file_type) VALUES (210, '9654d521c07f19b86b65a5d764f7cf88', '0');
INSERT INTO files (id, file_name, file_type) VALUES (211, '481c6998c55259f293ce4592d260f994', '0');
INSERT INTO files (id, file_name, file_type) VALUES (255, 'ecfc9aec3760651559dbce41f592866a', '0');
INSERT INTO files (id, file_name, file_type) VALUES (256, '1261a8d8f71a85d070cf9e7b417caba1', '0');
INSERT INTO files (id, file_name, file_type) VALUES (257, '28a27d6f32f5bfa358e0ebfcd52c0b7e', '0');
INSERT INTO files (id, file_name, file_type) VALUES (258, 'feb7cf26a215deb8e7242aac9a314044', '0');
INSERT INTO files (id, file_name, file_type) VALUES (259, '7f2e71dfb94ce79d2cb8535ce859708e', '0');
INSERT INTO files (id, file_name, file_type) VALUES (260, 'ac42dd2e4273ce0c6ef13da47da434fc', '0');
INSERT INTO files (id, file_name, file_type) VALUES (261, 'eedb7f515bcd70c61ffe8a6592ed481b', '0');
INSERT INTO files (id, file_name, file_type) VALUES (262, '7c10ebefb06242a708f08310794fe0b8', '0');
INSERT INTO files (id, file_name, file_type) VALUES (263, 'd619abeaddeef372ba689c843394777a', '0');
INSERT INTO files (id, file_name, file_type) VALUES (264, '6abc2cd7abf150fda695ebe38dff29e9', '0');
INSERT INTO files (id, file_name, file_type) VALUES (265, '1ff9c636088ee4e6ae658f44cdd3af6a', '0');
INSERT INTO files (id, file_name, file_type) VALUES (266, '30ddc5eebdbfd0e978e47d49c29d541c', '0');
INSERT INTO files (id, file_name, file_type) VALUES (267, 'b5dd60d7789b613bea990066a45c9e64', '0');
INSERT INTO files (id, file_name, file_type) VALUES (268, 'd55f2c5f6cd4e81b31f90ecc97f304f5', '0');
INSERT INTO files (id, file_name, file_type) VALUES (269, 'f5e28f4f48246f0dc64b6526114cdfd4', '0');
INSERT INTO files (id, file_name, file_type) VALUES (270, '82ff7ddf6c72068d441492408be112ca', '0');
INSERT INTO files (id, file_name, file_type) VALUES (271, '61a42a192f56d508b44d1f3729f2382c', '0');
INSERT INTO files (id, file_name, file_type) VALUES (272, '8c62040614069957aae774fd9f665c2a', '0');
INSERT INTO files (id, file_name, file_type) VALUES (273, 'b1c45ed76e92521d8e54d7876417a582', '0');
INSERT INTO files (id, file_name, file_type) VALUES (274, '8cc1ada83c4a355ac3fe4fb3b1c12dc3', '0');
INSERT INTO files (id, file_name, file_type) VALUES (275, 'f38d6faa68427c3c8c2c6b26293bb0dd', '0');
INSERT INTO files (id, file_name, file_type) VALUES (276, '65d361f7e9deba3d9906ca852c0618de', '0');
INSERT INTO files (id, file_name, file_type) VALUES (277, '608911050d212b5a5e6eff9fbf6a2323', '0');
INSERT INTO files (id, file_name, file_type) VALUES (278, '549059011d97bfb1a3073b23905a3234', '0');
INSERT INTO files (id, file_name, file_type) VALUES (279, '83221e1be5eb7e865150fd32d9f98e03', '0');
INSERT INTO files (id, file_name, file_type) VALUES (280, '2c489e609958498055afae0afabc4ca2', '0');
INSERT INTO files (id, file_name, file_type) VALUES (281, '0645b3fce0610f1e889a48d8b781142a', '0');
INSERT INTO files (id, file_name, file_type) VALUES (282, 'deef4bebceb724f4182ee2e7a0079f85', '0');
INSERT INTO files (id, file_name, file_type) VALUES (283, '2f6617f080d63742628e06a16aa2f832', '0');
INSERT INTO files (id, file_name, file_type) VALUES (284, 'fbf8ac942d54a1eedabbfd028b64be7a', '0');
INSERT INTO files (id, file_name, file_type) VALUES (285, '042694d9569e54e4508623f75c8db17b', '0');
INSERT INTO files (id, file_name, file_type) VALUES (286, 'd6695962db0872ccded130bed711e774', '0');
INSERT INTO files (id, file_name, file_type) VALUES (287, '5dbdb172b9490efbaadd6501e473b8cd', '0');
INSERT INTO files (id, file_name, file_type) VALUES (288, '89d08e260e85d4c177a3391f24ba52af', '0');
INSERT INTO files (id, file_name, file_type) VALUES (289, '3015d604a549e1b90bb7fc64bab56e96', '0');
INSERT INTO files (id, file_name, file_type) VALUES (290, '69b513b0aef4e2c46498e7adecf0df00', '0');
INSERT INTO files (id, file_name, file_type) VALUES (291, '16044dd8135ad6b771494ecd74e437ad', '0');
INSERT INTO files (id, file_name, file_type) VALUES (292, '4e576425e55ebfd119a2ea7d94450454', '0');
INSERT INTO files (id, file_name, file_type) VALUES (293, '828e187779cb9b16b4995098f764e03a', '0');
INSERT INTO files (id, file_name, file_type) VALUES (294, '3e2e0df6dd46262ddd641520ad115271', '0');
INSERT INTO files (id, file_name, file_type) VALUES (295, 'a1450b7415c240c4ff2a3962590601c5', '0');
INSERT INTO files (id, file_name, file_type) VALUES (296, '0c5e213e7bbe36f226201e185c8c91bc', '0');
INSERT INTO files (id, file_name, file_type) VALUES (297, 'afb3080f1db42a5923f878044cb6e12f', '0');
INSERT INTO files (id, file_name, file_type) VALUES (298, 'ffbdd88919d979862a97ae6375aad24d', '0');
INSERT INTO files (id, file_name, file_type) VALUES (299, '30a718e1e8a56ca3bb60441eeece4373', '0');
INSERT INTO files (id, file_name, file_type) VALUES (300, '8a6d6b8011663c1f3c6b589ad6be7260', '0');
INSERT INTO files (id, file_name, file_type) VALUES (301, '155d1d1064b7859e283922fb0171e23f', '0');
INSERT INTO files (id, file_name, file_type) VALUES (302, '9d57dd1da3c4bcb3e9a704dcd198c2c9', '0');
INSERT INTO files (id, file_name, file_type) VALUES (303, 'a8d69b7a251832054933336f42b988b8', '0');
INSERT INTO files (id, file_name, file_type) VALUES (304, '913da6c90d00671773a882d7b7e5088e', '0');
INSERT INTO files (id, file_name, file_type) VALUES (305, 'e96b2853b5f389a4446d990dbb237f35', '0');
INSERT INTO files (id, file_name, file_type) VALUES (307, 'fb1022acbfad2dd01d50699888c8aaa3', '0');
INSERT INTO files (id, file_name, file_type) VALUES (308, '0ab3015016733b372d7eabb0fde44fe8', '0');
INSERT INTO files (id, file_name, file_type) VALUES (309, '71bed788257a04b94e8b90358bf1295b', '0');
INSERT INTO files (id, file_name, file_type) VALUES (310, '8c6fcaac0aa084c8bb572ffdb65a0df3', '0');
INSERT INTO files (id, file_name, file_type) VALUES (311, 'd131f10acc52eb35a80d7c748f562108', '0');
INSERT INTO files (id, file_name, file_type) VALUES (312, '17f070d148816a45baa4d1530fd8e27e', '0');
INSERT INTO files (id, file_name, file_type) VALUES (313, '9b112cb9bdfcbc41e27850b656063dc1', '0');
INSERT INTO files (id, file_name, file_type) VALUES (314, '536e201ec8cbf386af2f4608e1635e35', '0');
INSERT INTO files (id, file_name, file_type) VALUES (315, 'b1505d3b3dec9f07d3456b484db1f180', '0');
INSERT INTO files (id, file_name, file_type) VALUES (316, 'cb941510827066a157720ff1a28c7cf5', '0');
INSERT INTO files (id, file_name, file_type) VALUES (317, '3e62d8b4cc77f83f6db2738712c89a0f', '0');
INSERT INTO files (id, file_name, file_type) VALUES (318, '77fb7dcec8f158034dba2e2e1021455a', '0');
INSERT INTO files (id, file_name, file_type) VALUES (319, 'e1478f7605b5977aa84361c8a6c74edd', '0');
INSERT INTO files (id, file_name, file_type) VALUES (320, 'abd71156990e5161c322f2ecb0532d35', '0');
INSERT INTO files (id, file_name, file_type) VALUES (321, 'b33efe7b8317d2e05169023653fbd793', '0');
INSERT INTO files (id, file_name, file_type) VALUES (322, '6250b18e909aed6e73f17f220ed7027e', '0');
INSERT INTO files (id, file_name, file_type) VALUES (323, 'b4dbc85872e8c59ad9b77c1a2a5afecf', '0');
INSERT INTO files (id, file_name, file_type) VALUES (324, '02eb0034348fb0164e3b4f7a0b35087e', '0');
INSERT INTO files (id, file_name, file_type) VALUES (325, '03e7028dc485bcaadbf5185923a15c7d', '0');
INSERT INTO files (id, file_name, file_type) VALUES (326, 'fb53dbf70a929970b3d8e77169b5d048', '0');
INSERT INTO files (id, file_name, file_type) VALUES (327, '09fb3a920203e5627d40c216b2ebb92c', '0');
INSERT INTO files (id, file_name, file_type) VALUES (328, '7b7c5c48a5f6e84c94273eb4c2c86ae0', '0');
INSERT INTO files (id, file_name, file_type) VALUES (329, 'a096086063a22d7723b6eaa928440d77', '0');
INSERT INTO files (id, file_name, file_type) VALUES (330, '5a7d704d75edcb2112fde3ec8728d1c6', '0');
INSERT INTO files (id, file_name, file_type) VALUES (331, '3d8b2885fbb1ffc553c82bba55524ec4', '0');
INSERT INTO files (id, file_name, file_type) VALUES (332, 'b264c267a0b2bd1e9fe3efee8da5d225', '0');
INSERT INTO files (id, file_name, file_type) VALUES (333, 'd1bcb18bc3acd8699467a4088031aca9', '0');
INSERT INTO files (id, file_name, file_type) VALUES (334, 'a3ffd1681cba39d8b4e5b6fbef41ffa0', '0');
INSERT INTO files (id, file_name, file_type) VALUES (335, '073f17ede42e6a494f7d024f29b06586', '0');
INSERT INTO files (id, file_name, file_type) VALUES (336, '00f127dded2b08d3958c021c3bc690c0', '0');
INSERT INTO files (id, file_name, file_type) VALUES (337, '74f38f6dcb849865689b62897446849b', '0');
INSERT INTO files (id, file_name, file_type) VALUES (338, 'dc52dc4a48db418dcdb58c6b17f645a9', '0');
INSERT INTO files (id, file_name, file_type) VALUES (339, '3821095fc02c4c1b09c9e6ef16a9bfb0', '0');
INSERT INTO files (id, file_name, file_type) VALUES (340, '0428164e33bcdd829172448b74c7166d', '0');
INSERT INTO files (id, file_name, file_type) VALUES (341, '1983c8832ac74caadee7508da545d9c2', '0');
INSERT INTO files (id, file_name, file_type) VALUES (382, 'a3fdb75298965cd8c4be8f5c3bc67e90', '1');
INSERT INTO files (id, file_name, file_type) VALUES (383, '823add061eefcbf4ac670b250aeebd86', '1');
INSERT INTO files (id, file_name, file_type) VALUES (384, '8f8e8e3b86ee44c6399781580c18295d', '1');
INSERT INTO files (id, file_name, file_type) VALUES (385, '4776e7c83cb3c71f7431e25b8cda1add', '1');
INSERT INTO files (id, file_name, file_type) VALUES (386, 'd7c23f5c833540e380fc64164f14af6c', '1');
INSERT INTO files (id, file_name, file_type) VALUES (387, 'cda4e9ed34f04cbfc1f0665d52650be1', '1');
INSERT INTO files (id, file_name, file_type) VALUES (388, '7a12917e2a830660555dccfd8e92d751', '1');
INSERT INTO files (id, file_name, file_type) VALUES (389, '4b749da068a5c22a83670e0b7059b9ba', '1');
INSERT INTO files (id, file_name, file_type) VALUES (390, '585043b30c0229ff48ad32dfffa4152a', '1');
INSERT INTO files (id, file_name, file_type) VALUES (391, 'cb5fe9ef73fac2741cce42e07badad0f', '1');
INSERT INTO files (id, file_name, file_type) VALUES (392, '2d0e7633e56fd924c20aeb99f1de4067', '1');
INSERT INTO files (id, file_name, file_type) VALUES (393, 'fe88b1c0a5faac183ad123c7050cdce2', '1');

INSERT INTO subject_year_relation (id, is_public, exam_year_id, subject_id) VALUES (1, 0, 1, 1);
INSERT INTO subject_year_relation (id, is_public, exam_year_id, subject_id) VALUES (2, 1, 1, 2);
INSERT INTO subject_year_relation (id, is_public, exam_year_id, subject_id) VALUES (3, 1, 2, 2);
INSERT INTO subject_year_relation (id, is_public, exam_year_id, subject_id) VALUES (4, 1, 1, 3);
INSERT INTO subject_year_relation (id, is_public, exam_year_id, subject_id) VALUES (6, 1, 1, 4);
INSERT INTO subject_year_relation (id, is_public, exam_year_id, subject_id) VALUES (8, 1, 1, 5);
INSERT INTO subject_year_relation (id, is_public, exam_year_id, subject_id) VALUES (9, 1, 2, 5);
INSERT INTO subject_year_relation (id, is_public, exam_year_id, subject_id) VALUES (10, 1, 1, 6);
INSERT INTO subject_year_relation (id, is_public, exam_year_id, subject_id) VALUES (11, 1, 2, 6);
INSERT INTO subject_year_relation (id, is_public, exam_year_id, subject_id) VALUES (12, 1, 1, 7);
INSERT INTO subject_year_relation (id, is_public, exam_year_id, subject_id) VALUES (13, 1, 2, 7);
INSERT INTO subject_year_relation (id, is_public, exam_year_id, subject_id) VALUES (14, 1, 1, 8);
INSERT INTO subject_year_relation (id, is_public, exam_year_id, subject_id) VALUES (15, 1, 2, 8);
INSERT INTO subject_year_relation (id, is_public, exam_year_id, subject_id) VALUES (16, 1, 1, 9);
INSERT INTO subject_year_relation (id, is_public, exam_year_id, subject_id) VALUES (17, 1, 2, 9);
INSERT INTO subject_year_relation (id, is_public, exam_year_id, subject_id) VALUES (18, 1, 1, 10);
INSERT INTO subject_year_relation (id, is_public, exam_year_id, subject_id) VALUES (19, 1, 2, 10);
INSERT INTO subject_year_relation (id, is_public, exam_year_id, subject_id) VALUES (34, 0, 1, 2);
INSERT INTO subject_year_relation (id, is_public, exam_year_id, subject_id) VALUES (37, 0, 1, 5);

INSERT INTO super_questions (id, question, audio_id, img_id) VALUES (1, 'Agronomi su istraživali potrošnju kisika dviju sorta pšenice pri različitim temperaturama. U postavljenome pokusu zrna pšenice obiju sorta klijala su na vlažnim papirnatim ručnicima u istim uvjetima. Nakon što su biljke isklijale, mjerena je potrošnja kisika sorta A i B na temperaturama 7 °C i 17 °C u vremenskim intervalima od 20, 40, 60 i 80 minuta. Pozorno promotrite rezultate istraživanja navedene u tablici.', null, 255);
INSERT INTO super_questions (id, question, audio_id, img_id) VALUES (2, 'Agronomi su istraživali potrošnju kisika dviju sorta pšenice pri različitim temperaturama. U postavljenome pokusu zrna pšenice obiju sorta klijala su na vlažnim papirnatim ručnicima u istim uvjetima. Nakon što su biljke isklijale, mjerena je potrošnja kisika sorta A i B na temperaturama 7 °C i 17 °C u vremenskim intervalima od 20, 40, 60 i 80 minuta. Pozorno promotrite rezultate istraživanja navedene u tablici.', null, 256);
INSERT INTO super_questions (id, question, audio_id, img_id) VALUES (3, 'Bijeli je fosfor pri sobnoj temperaturi vrlo reaktivna, otrovna i samozapaljiva čvrsta tvar. Reakcijom 11,5 g fosfora s ( 11,2 dm^3 ) klora pri normalnim uvjetima (p = 101 kPa, t = 0 °C) dobiveno je 42,6 g fosforova(III) klorida. Promjena je prikazana zadanom jednadžbom kemijske reakcije. P4 + 6 Cl2 → 4 PCl3', null, null);
INSERT INTO super_questions (id, question, audio_id, img_id) VALUES (4, 'Burmanski piton vrsta je zmije specifičnoga procesa razmnožavanja. Ženke te vrste tijekom inkubacije tijelom obaviju jaja pri čemu učestalo stežu mišiće, što nazivamo drhtanje. Pozorno promotrite sliku na kojoj su prikazani rezultati istraživanja potrošnje kisika tijekom stezanja mišića ženke burmanskoga pitona u procesu inkubiranja jaja pri stalnoj temperaturi okoliša.', null, 257);
INSERT INTO super_questions (id, question, audio_id, img_id) VALUES (5, 'Crnu boju krzna psa koker španijela određuje dominantan gen B, a crvenu boju recesivni gen b. Jednobojno krzno određuje dominantan gen D, a pjegavo krzno recesivni gen d. Ti su geni smješteni na autosomima i nisu vezani.', null, null);
INSERT INTO super_questions (id, question, audio_id, img_id) VALUES (6, 'Dijagram prikazuje ovisnost topljivosti litijeva sulfata, Li2SO4 o temperaturi.', null, 258);
INSERT INTO super_questions (id, question, audio_id, img_id) VALUES (7, 'Elektrokemijski članak u kojemu se kemijska energija pretvara u električnu energiju naziva se galvanski članak.', null, null);
INSERT INTO super_questions (id, question, audio_id, img_id) VALUES (8, 'Geni za tumorske supresore odgovorni su za prirodnu zaštitu od tumora.', null, null);
INSERT INTO super_questions (id, question, audio_id, img_id) VALUES (9, 'Match each message (1-5) and its meaning (A-F). There is one letter that you do not need. Mark your answer on the answer sheet. There is an example at the beginning (0).', null, 259);
INSERT INTO super_questions (id, question, audio_id, img_id) VALUES (10, 'Na slici je prikazan pokus u kojemu su se učenici koristili biljkom lončanicom. Površinu zemlje prekrili su folijom, a zatim su cijelu biljku prekrili staklenim zvonom. Rub između staklene podloge i staklenoga zvona premazali su vazelinom. Biljku su ostavili na osvijetljenome mjestu tijekom jednoga dana.', null, 260);
INSERT INTO super_questions (id, question, audio_id, img_id) VALUES (11, 'Nasljednu onihoosteodisplaziju karakteriziraju poteškoće u razvoju noktiju, kostiju i zglobova. Tu bolest uzrokuje dominantni alel (D), a zdravo stanje određuje recesivni alel (d). Geni odgovorni za bolest nalaze se na devetome kromosomu na kojemu su i geni za krvne grupe AB0 sustava.', null, null);
INSERT INTO super_questions (id, question, audio_id, img_id) VALUES (12, 'Obalna sekvoja biljna je vrsta koja je prirodni heksaploid. Pretpostavlja se da se razvila iz diploidnih predaka (2n = 22) uslijed mutacija za vrijeme mejoze.', null, null);
INSERT INTO super_questions (id, question, audio_id, img_id) VALUES (13, 'Od Ivanove kuće do grada vodi ravna biciklistička staza. Ivan se od 9.00 do 14.00 sati vozio po toj stazi i odmarao se kao što je prikazano na dijagramu.', null, 261);
INSERT INTO super_questions (id, question, audio_id, img_id) VALUES (14, 'Otopina pripremljena otapanjem 24,0 g šećera u 100,0 g vode zaledi se pri −3,0 °C.', null, null);
INSERT INTO super_questions (id, question, audio_id, img_id) VALUES (15, 'Pozorno promotrite reakcijsku shemu.', null, null);
INSERT INTO super_questions (id, question, audio_id, img_id) VALUES (16, 'Pozorno promotrite sliku na kojoj je prikazan kostur čovjeka.', null, 262);
INSERT INTO super_questions (id, question, audio_id, img_id) VALUES (17, 'Pozorno promotrite sliku na kojoj je prikazan svjetlosni mikroskop korišten za promatranje mikroorganizama prikazanih u vidnome polju.', null, 263);
INSERT INTO super_questions (id, question, audio_id, img_id) VALUES (18, 'Pozorno promotrite sliku na kojoj je prikazan životni ciklus uhatoga klobuka.', null, 264);
INSERT INTO super_questions (id, question, audio_id, img_id) VALUES (19, 'Pozorno promotrite sliku na kojoj je prikazana građa stanične membrane.', null, 265);
INSERT INTO super_questions (id, question, audio_id, img_id) VALUES (20, 'Pozorno promotrite sliku na kojoj je prikazana građa tijela spužve.', null, 266);
INSERT INTO super_questions (id, question, audio_id, img_id) VALUES (21, 'Pozorno promotrite sliku na kojoj je prikazana jedna vrsta mahovine', null, 267);
INSERT INTO super_questions (id, question, audio_id, img_id) VALUES (22, 'Pozorno promotrite sliku na kojoj je prikazana ovisnost temperature tijela četiriju vrsta kralježnjaka označenih slovima A, B, C i D o temperaturi okoliša do krajnjih točaka preživljavanja.', null, 268);
INSERT INTO super_questions (id, question, audio_id, img_id) VALUES (23, 'Pozorno promotrite sliku na kojoj je prikazana promjena broja jedinka dviju različitih životinjskih vrsta označenih slovima A i B koje su živjele odvojeno u istim uvjetima staništa. Vrste su u jednome trenutku premještene u zajedničko stanište koje je imalo iste uvjete kao i prethodna staništa.', null, 269);
INSERT INTO super_questions (id, question, audio_id, img_id) VALUES (24, 'Pozorno promotrite sliku na kojoj su pojednostavljeno prikazani metabolički procesi koji se događaju u stanici zelene alge roda Chlorella. Slovima F, G, H i J označeni su procesi koji se događaju u stanici. Isprekidane linije dijele prikaz na tri vremenski i prostorno odvojena metabolička procesa.', null, 270);
INSERT INTO super_questions (id, question, audio_id, img_id) VALUES (25, 'Pozorno promotrite sliku na kojoj su prikazane lubanje različitih vrsta sisavaca označenih slovima od A do D.', null, 271);
INSERT INTO super_questions (id, question, audio_id, img_id) VALUES (26, 'Pozorno promotrite sliku na kojoj su prikazane promjene gustoće populacije za dvije različite vrste A i B koje su živjele odvojeno u istim uvjetima staništa. Broj jedinka u populacijama bio je stalan. Vrste su u jednome trenutku premještene u zajedničko stanište koje je imalo iste uvjete kao i prethodna staništa. Vrste se ne natječu za hranu.', null, 272);
INSERT INTO super_questions (id, question, audio_id, img_id) VALUES (27, 'Pozorno promotrite sliku na kojoj su prikazani mogući srodnički odnosi unutar sistematske kategorije (taksona) kralježnjaka.', null, 273);
INSERT INTO super_questions (id, question, audio_id, img_id) VALUES (28, 'Pozorno promotrite sliku na kojoj su prikazani mogući srodnički odnosi unutar sistematske kategorije (taksona) kralježnjaka.', null, 274);
INSERT INTO super_questions (id, question, audio_id, img_id) VALUES (29, 'Pozorno promotrite sliku na kojoj su prikazani predstavnici beskralježnjaka označeni slovima od A do D.', null, 275);
INSERT INTO super_questions (id, question, audio_id, img_id) VALUES (30, 'Pozorno promotrite sliku na kojoj su prikazani predstavnici bodljikaša označeni slovima od A do D.', null, 276);
INSERT INTO super_questions (id, question, audio_id, img_id) VALUES (31, 'Pozorno promotrite sliku na kojoj su shematski prikazani presjeci dviju staničnih organela A i B.', null, 277);
INSERT INTO super_questions (id, question, audio_id, img_id) VALUES (32, 'Pozorno promotrite tablicu u kojoj su navedena obilježja dviju vrsta zmija i temperatura staništa u kojima obitavaju.', null, 278);
INSERT INTO super_questions (id, question, audio_id, img_id) VALUES (33, 'Prikazane su strukturne formule molekula glicina i serina.', null, 279);
INSERT INTO super_questions (id, question, audio_id, img_id) VALUES (34, 'Prikazane su strukturne formule molekula glicina i serina.', null, 280);
INSERT INTO super_questions (id, question, audio_id, img_id) VALUES (35, 'Pročitaj sljedeći tekst', null, 281);
INSERT INTO super_questions (id, question, audio_id, img_id) VALUES (36, 'Pročitaj sljedeći tekst i odgovori na pitanje ispod', null, 282);
INSERT INTO super_questions (id, question, audio_id, img_id) VALUES (37, 'Pročitaj tekst', null, 283);
INSERT INTO super_questions (id, question, audio_id, img_id) VALUES (38, 'Pročitaj tekst', null, 284);
INSERT INTO super_questions (id, question, audio_id, img_id) VALUES (39, 'Pročitaj tekst', null, 285);
INSERT INTO super_questions (id, question, audio_id, img_id) VALUES (40, 'Pročitaj tekst', null, 286);
INSERT INTO super_questions (id, question, audio_id, img_id) VALUES (41, 'Pročitaj tekst', null, 287);
INSERT INTO super_questions (id, question, audio_id, img_id) VALUES (42, 'Pročitaj tekst i odgovori na pitanje', null, 288);
INSERT INTO super_questions (id, question, audio_id, img_id) VALUES (43, 'Pročitaj tekst i odgovori na pitanje', null, 289);
INSERT INTO super_questions (id, question, audio_id, img_id) VALUES (44, 'Pročitaj tekst i odgovori na pitanje', null, 290);
INSERT INTO super_questions (id, question, audio_id, img_id) VALUES (45, 'Pročitaj tekst i odgovori na pitanje ispod', null, 291);
INSERT INTO super_questions (id, question, audio_id, img_id) VALUES (46, 'Pročitaj tekst i odgovori na questions', null, 292);
INSERT INTO super_questions (id, question, audio_id, img_id) VALUES (47, 'Pročitaj tekst i odgovori na questions', null, 293);
INSERT INTO super_questions (id, question, audio_id, img_id) VALUES (48, 'Pročitaj tekst ispod', null, 294);
INSERT INTO super_questions (id, question, audio_id, img_id) VALUES (49, 'Pročitaj tekst ispod', null, 295);
INSERT INTO super_questions (id, question, audio_id, img_id) VALUES (50, 'Pročitaj tekst ispod i odgovori na pitanje', null, 296);
INSERT INTO super_questions (id, question, audio_id, img_id) VALUES (51, 'Pročitajte naredni tekst', null, 297);
INSERT INTO super_questions (id, question, audio_id, img_id) VALUES (52, 'Pročitajte naredni tekst', null, 298);
INSERT INTO super_questions (id, question, audio_id, img_id) VALUES (53, 'Pročitajte naredni tekst', null, 299);
INSERT INTO super_questions (id, question, audio_id, img_id) VALUES (54, 'Pročitajte naredni tekst', null, 300);
INSERT INTO super_questions (id, question, audio_id, img_id) VALUES (55, 'Pročitajte naredni tekst, te odgovorite pitanje ispod.', null, 301);
INSERT INTO super_questions (id, question, audio_id, img_id) VALUES (56, 'Pročitajte sljdeći tekst', null, 302);
INSERT INTO super_questions (id, question, audio_id, img_id) VALUES (57, 'Pročitajte sljdeći tekst', null, 303);
INSERT INTO super_questions (id, question, audio_id, img_id) VALUES (58, 'Pročitajte sljdeći tekst i odgovorite questions ispod', null, 304);
INSERT INTO super_questions (id, question, audio_id, img_id) VALUES (59, 'Pročitajte sljdeći tekst.', null, 305);
INSERT INTO super_questions (id, question, audio_id, img_id) VALUES (60, 'Pročitajte sljedeći tekst', null, 305);
INSERT INTO super_questions (id, question, audio_id, img_id) VALUES (61, 'Pročitajte sljedeći tekst', null, 307);
INSERT INTO super_questions (id, question, audio_id, img_id) VALUES (62, 'Pročitajte sljedeći tekst', null, 308);
INSERT INTO super_questions (id, question, audio_id, img_id) VALUES (63, 'Pročitajte sljedeći tekst', null, 309);
INSERT INTO super_questions (id, question, audio_id, img_id) VALUES (64, 'Pročitajte tekst', null, 310);
INSERT INTO super_questions (id, question, audio_id, img_id) VALUES (65, 'Pročitajte tekst', null, 311);
INSERT INTO super_questions (id, question, audio_id, img_id) VALUES (66, 'Pročitajte tekst', null, 312);
INSERT INTO super_questions (id, question, audio_id, img_id) VALUES (67, 'Pročitajte tekst', null, 313);
INSERT INTO super_questions (id, question, audio_id, img_id) VALUES (68, 'Pročitajte tekst', null, 314);
INSERT INTO super_questions (id, question, audio_id, img_id) VALUES (69, 'Pročitajte tekst i odgovorite na pitanje', null, 315);
INSERT INTO super_questions (id, question, audio_id, img_id) VALUES (70, 'Pročitajte tekst i odgovorite na pitanje', null, 316);
INSERT INTO super_questions (id, question, audio_id, img_id) VALUES (71, 'Pročitajte tekst i odgovorite na pitanje ispod', null, 317);
INSERT INTO super_questions (id, question, audio_id, img_id) VALUES (72, 'Pročitajte tekst i odgovorite na pitanje ispod', null, 318);
INSERT INTO super_questions (id, question, audio_id, img_id) VALUES (73, 'Pročitajte tekst i odgovorite na questions', null, 319);
INSERT INTO super_questions (id, question, audio_id, img_id) VALUES (74, 'Pročitajte tekst i odgovorite na questions', null, 320);
INSERT INTO super_questions (id, question, audio_id, img_id) VALUES (75, 'Pročitajte tekst.', null, 321);
INSERT INTO super_questions (id, question, audio_id, img_id) VALUES (76, 'Read the text below. For questions 11-15, write one or two words, or a number. Write your answers on the lines below the text. There is an example at the beginning (0). (0 Nationality: Italian)', null, 322);
INSERT INTO super_questions (id, question, audio_id, img_id) VALUES (77, 'Read the text below. For questions 13-18, choose the correct answer (A, B, C or D). Mark your answer on the answer sheet.', null, 323);
INSERT INTO super_questions (id, question, audio_id, img_id) VALUES (78, 'Read the text below. For questions 13-18, choose the correct answer (A, B, C or D). Mark your answer on the answer sheet.', null, 324);
INSERT INTO super_questions (id, question, audio_id, img_id) VALUES (79, 'Read the text below. For questions 16-20, choose from A-F to complete the sentences. There is one letter that you do not need. Mark your answer on the answer sheet. There is an example at the beginning (0).', null, 325);
INSERT INTO super_questions (id, question, audio_id, img_id) VALUES (80, 'Read the text below. For questions 21-25, choose the answer (A, B or C) which best completes each sentence. Mark your answer on the answer sheet. There is an example at the beginning (0).', null, 326);
INSERT INTO super_questions (id, question, audio_id, img_id) VALUES (81, 'Read the text below. For questions 25-32, choose the answer (A, B, C or D) that best completes each sentence. Mark your answer on the answer sheet. There is an example at the beginning (0).', null, 327);
INSERT INTO super_questions (id, question, audio_id, img_id) VALUES (82, 'Read the text below. For questions 25-32, choose the answer (A, B, C or D) that best completes each sentence. Mark your answer on the answer sheet. There is an example at the beginning (0).', null, 328);
INSERT INTO super_questions (id, question, audio_id, img_id) VALUES (83, 'Read the text below. For questions 26-30, write one word that best completes each sentence. Write your answers on the lines below the text. There is an example at the beginning (0).', null, 329);
INSERT INTO super_questions (id, question, audio_id, img_id) VALUES (84, 'Read the text below. For questions 33-40, write one word that best completes each sentence. Write your answer on the lines below the text. There is an example at the beginning (0).', null, 330);
INSERT INTO super_questions (id, question, audio_id, img_id) VALUES (85, 'Read the text below. For questions 33-40, write one word that best completes each sentence. Write your answer on the lines below the text. There is an example at the beginning (0).', null, 331);
INSERT INTO super_questions (id, question, audio_id, img_id) VALUES (86, 'Read the text on the next page. For questions 19-24, choose from the sentences A-H the one which best fits the gap. There are two sentences that you do not need. Mark your answer on the answer sheet. There is an example at the beginning (0).', null, 332);
INSERT INTO super_questions (id, question, audio_id, img_id) VALUES (87, 'Read the text on the next page. For questions 19-24, choose from the sentences A-H the one which best fits the gap. There are two sentences that you do not need. Mark your answer on the answer sheet. There is an example at the beginning (0).', null, 333);
INSERT INTO super_questions (id, question, audio_id, img_id) VALUES (88, 'Riješite zadatke vezane uz nazivlje spojeva.', null, null);
INSERT INTO super_questions (id, question, audio_id, img_id) VALUES (89, 'Sastojak sredstava za odmašćivanje je alkohol 2-metilpropan-1-ol čija je molekula prikazana strukturnom formulom.', null, 334);
INSERT INTO super_questions (id, question, audio_id, img_id) VALUES (90, 'Svemirski brod u obliku kugle giba se brzinom 0,95c u odnosu na promatrača na Zemlji kao što je prikazano na slici.', null, 335);
INSERT INTO super_questions (id, question, audio_id, img_id) VALUES (91, 'Tablica prikazuje nutritivne vrijednosti za 100 grama voća.', null, 336);
INSERT INTO super_questions (id, question, audio_id, img_id) VALUES (92, 'U jedne vrste zamoraca crna dlaka dominantna je nad bijelom dlakom, a kratka dlaka nad dugom dlakom. Geni za navedena svojstva smješteni su na različitim autosomima. Aleli za boju dlake označavaju se slovima D ili d, a aleli za duljinu dlake slovima E ili e.', null, null);
INSERT INTO super_questions (id, question, audio_id, img_id) VALUES (93, 'U tablici je prikazana ovisnost množinskih koncentracija vodikova peroksida o vremenu tijekom raspada vodikova peroksida na kisik i vodu.', null, 337);
INSERT INTO super_questions (id, question, audio_id, img_id) VALUES (94, 'Učenici su izveli pokus kojim su dokazali kruženje CO2 u ekosustavima. Jedan je učenik upuhivao zrak kroz slamčicu u dvije epruvete s vodom izložene svjetlosti. U jednu je uronjena biljka vodena kuga (Elodea sp.). U obje epruvete dodan je i indikator fenol-crveno koji je crvene boje, a u prisutnosti CO2 požuti.', null, 338);
INSERT INTO super_questions (id, question, audio_id, img_id) VALUES (95, 'Virnjaci su modelski organizmi za proučavanje regeneracije zbog iznimne sposobnosti obnavljanja tkiva nakon ozljede. Istraživanjem su u virnjaka pronađeni neoblasti, stanice iz kojih nakon ozljeđivanja ili amputacije dijela tijela nastaju nova tkiva.', null, null);
INSERT INTO super_questions (id, question, audio_id, img_id) VALUES (96, 'You are going to read an article in which people talk about childhood friends. For questions 1-12, choose from the people A-F. Mark your answer on the answer sheet. There is an example at the beginning (0).', null, 339);
INSERT INTO super_questions (id, question, audio_id, img_id) VALUES (97, 'You are going to read an article in which people talk about couch-surfing, staying the night at the home of another person or welcoming one in your own, for free. For questions 1-12, choose from the people A-F. Mark your answer on the answer sheet. There is an example at the beginning (0).', null, 340);
INSERT INTO super_questions (id, question, audio_id, img_id) VALUES (98, 'You will hear 5 people talking about their problems when they were teenagers. Decide what each person’s main problem area was. Match the speakers 1-5 with the options A-H. Use each letter only once. There are three letters that you do not need. You will hear the recording twice.', 382, null);
INSERT INTO super_questions (id, question, audio_id, img_id) VALUES (99, 'You will hear a brother and sister talking about three summer camps. For questions 14-19, choose the correct answer (A, B or C) from the list of camps. Mark A for Aston Camp, B for Bartley Camp, or C for Cotwill Camp. You will hear the recording twice.', 383, null);
INSERT INTO super_questions (id, question, audio_id, img_id) VALUES (100, 'You will hear a couple preparing for a visit by three people. For questions 14-19, choose the correct answer (A, B or C) from the list of people. Mark A for Alex B for Bruce or C for Curt. You will hear the recording twice.', 384, null);
INSERT INTO super_questions (id, question, audio_id, img_id) VALUES (101, 'You will hear a radio interview with Anna Pratt about writing. For questions 11-15, choose the correct answer (A, B or C). You will hear the recording twice.', 385, null);
INSERT INTO super_questions (id, question, audio_id, img_id) VALUES (102, 'You will hear a radio interview with Dina Harding, a travel blogger. For questions 20-25, choose the correct answer (A, B or C). You will hear the recording twice.', 386, null);
INSERT INTO super_questions (id, question, audio_id, img_id) VALUES (103, 'You will hear a radio interview with singer Ben Preston. For questions 20-25, choose the correct answer (A, B or C). You will hear the recording twice.', 387, null);
INSERT INTO super_questions (id, question, audio_id, img_id) VALUES (104, 'You will hear a teacher talking to his students about a visit to the town of Brighton. For questions 16-20, choose the correct answer (A, B or C). You will hear the recording twice.', 388, null);
INSERT INTO super_questions (id, question, audio_id, img_id) VALUES (105, 'You will hear five people talking about their reading habits. Match the speakers 1-5 with the options A-H. Use each letter only once. There are three letters that you do not need. You will hear the recording twice.', 389, 341);
INSERT INTO super_questions (id, question, audio_id, img_id) VALUES (106, 'You will hear five phone messages. Match each message (1-5) and its meaning (A-F). There is one letter that you do not need. You will hear the recording twice.', 390, null);
INSERT INTO super_questions (id, question, audio_id, img_id) VALUES (107, 'You will hear people talking in eight situations. For questions 6-13, choose the correct answer (A, B or C). You will hear each recording twice.', 391, null);
INSERT INTO super_questions (id, question, audio_id, img_id) VALUES (108, 'You will hear people talking in eight situations. For questions 6-13, choose the correct answer (A, B or C). You will hear each recording twice.', 392, null);
INSERT INTO super_questions (id, question, audio_id, img_id) VALUES (109, 'You will hear people talking in five situations. For questions 6-10, choose the correct answer (A, B or C). You will hear each recording twice.', 393, null);
INSERT INTO super_questions (id, question, audio_id, img_id) VALUES (110, 'You will read five emails. For questions 6-10, choose the correct answer (A, B or C). Mark your answer on the answer sheet.', null, null);

INSERT INTO questions (id, ansA, ansB, ansC, ansD, typeOfAnswer, correctAns, question, questionNumber, ans_img_id, question_img_id, subject_exam_year_id, super_question_id) VALUES (1, 'atributna', 'predikatna', 'subjektna', 'objektna', 0, 3, 'Kojoj vrsti zavisnosloženih rečenica pripada sljedeća rečenica? Još godinama kasnije pitali smo se koji je to čovjek preko noći obrao sve jabuke.', 66, null, null, 10, null);
INSERT INTO questions (id, ansA, ansB, ansC, ansD, typeOfAnswer, correctAns, question, questionNumber, ans_img_id, question_img_id, subject_exam_year_id, super_question_id) VALUES (2, 'NH3(g) + HCl(g) → NH4Cl(g)', 'NH3(g) + HCl(g) → NH4Cl(s)', 'NH3(g) + H2O(ℓ) → NH4 +(aq) + OH-(aq)', 'NH3(g) + H2O(g) → NH4 +(aq) + OH-(aq)', 0, 1, 'Otvoru epruvete u kojoj je nastao amonijak približen je štapić prethodno uronjen u reagens pri čemu nastaje bijeli dim. Koja od navedenih jednadžba kemijskih reakcija prikazuje opisanu reakciju dokazivanja amonijaka?', 9, null, null, 6, null);
INSERT INTO questions (id, ansA, ansB, ansC, ansD, typeOfAnswer, correctAns, question, questionNumber, ans_img_id, question_img_id, subject_exam_year_id, super_question_id) VALUES (3, 'Posvedȍči moja postela priprȍsta, koja od žalosti moje zna zadȍsta.', 'Zatim se ustȁsmo i postâv nikôko, sunce ugledȁsmo ne vele nizȍko,', 'Đaval jure svoju vojsku kupno vodi. Gda se svrši Sveto pismo dan prihȍdī.', 'Ovdi usrid luke naša mlada plavca uzdvigla je jidra voljna, smina i nova.', 0, 1, 'U kojemu je od sljedećih stihova upotrijebljen dvostrukorimovani dvanaesterac?', 33, null, null, 10, null);
INSERT INTO questions (id, ansA, ansB, ansC, ansD, typeOfAnswer, correctAns, question, questionNumber, ans_img_id, question_img_id, subject_exam_year_id, super_question_id) VALUES (4, 'Exhausted.', 'Frightened.', 'Mesmerised.', null, 0, 2, 'You hear a man talking to his girlfriend about his hiking trip in the mountains. How did he feel there?', 28, null, null, 3, 107);
INSERT INTO questions (id, ansA, ansB, ansC, ansD, typeOfAnswer, correctAns, question, questionNumber, ans_img_id, question_img_id, subject_exam_year_id, super_question_id) VALUES (5, 'jedan', 'dva', 'tri', 'četiri', 0, 1, 'Koliko je točno cijelih brojeva u skupu ( { -0.13, -6, frac{1}{5}, sqrt{7}, 48 } )', 1, null, null, 14, null);
INSERT INTO questions (id, ansA, ansB, ansC, ansD, typeOfAnswer, correctAns, question, questionNumber, ans_img_id, question_img_id, subject_exam_year_id, super_question_id) VALUES (6, 'make', null, null, null, 1, 0, '40', 24, null, null, 3, 85);
INSERT INTO questions (id, ansA, ansB, ansC, ansD, typeOfAnswer, correctAns, question, questionNumber, ans_img_id, question_img_id, subject_exam_year_id, super_question_id) VALUES (7, 'da želi biti u društvu plemića', 'da ju je teško osvojiti', 'da traži zaštitnika', 'da je prijetvorna', 0, 1, 'Što je od sljedećega grof iskazao o Mirandolini?', 22, null, null, 10, 74);
INSERT INTO questions (id, ansA, ansB, ansC, ansD, typeOfAnswer, correctAns, question, questionNumber, ans_img_id, question_img_id, subject_exam_year_id, super_question_id) VALUES (8, 'It was a comedy', 'The plot was unpredictable', 'It was a foreign film', null, 0, 1, 'You hear Harry talking about a film. What can you learn about the film?', 33, null, null, 2, 108);
INSERT INTO questions (id, ansA, ansB, ansC, ansD, typeOfAnswer, correctAns, question, questionNumber, ans_img_id, question_img_id, subject_exam_year_id, super_question_id) VALUES (9, 'Povezuje se ljubav prema ženi s ljubavlju prema domovini.', 'Posvećena je platonskoj ljubavi prema idealnoj ženi.', 'Opjevava dekadenciju suvremenoga čovjeka', 'Sadrži pjesme pastoralnoga ugođaja', 0, 2, 'Koja se od sljedećih tvrdnja odnosi na zbirku pjesama Cvjetovi zla Charlesa Baudelairea?', 47, null, null, 9, null);
INSERT INTO questions (id, ansA, ansB, ansC, ansD, typeOfAnswer, correctAns, question, questionNumber, ans_img_id, question_img_id, subject_exam_year_id, super_question_id) VALUES (10, 'prema podzemnome svijetu', 'prema gori Plak', 'prema moru', 'prema Tebi', 0, 2, 'Kamo su konji vukli Hektorovo tijelo?', 4, null, null, 8, 52);
INSERT INTO questions (id, ansA, ansB, ansC, ansD, typeOfAnswer, correctAns, question, questionNumber, ans_img_id, question_img_id, subject_exam_year_id, super_question_id) VALUES (11, null, null, null, null, 2, 0, 'Kompleksni broj ( z_1 = −5sqrt{3} + 5i ) jedno je rješenje jednadžbe(  z^3 = w ) gdje je w kompleksni broj. Napišite preostala dva rješenja te jednadžbe.', 41, 165, null, 19, null);
INSERT INTO questions (id, ansA, ansB, ansC, ansD, typeOfAnswer, correctAns, question, questionNumber, ans_img_id, question_img_id, subject_exam_year_id, super_question_id) VALUES (12, 'y = 9x', null, null, null, 1, 0, 'Odredite jednadžbu pravca koji prolazi kroz ishodište i okomit je na pravac s jednadžbom ( y = -frac{1}{9}x + 2 ).', 20, null, null, 19, null);
INSERT INTO questions (id, ansA, ansB, ansC, ansD, typeOfAnswer, correctAns, question, questionNumber, ans_img_id, question_img_id, subject_exam_year_id, super_question_id) VALUES (13, 'prošlost – budućnost', 'bliskost – blizina', 'cvijet – tulipan', 'laž – neistina', 0, 0, 'U kojemu su od sljedećih primjera riječi u antonimnome odnosu?', 68, null, null, 11, null);
INSERT INTO questions (id, ansA, ansB, ansC, ansD, typeOfAnswer, correctAns, question, questionNumber, ans_img_id, question_img_id, subject_exam_year_id, super_question_id) VALUES (14, 'Pjesnici stvaraju poseban pjesnički jezik bogat neologizmima, neobičnom metaforikom i mnoštvom stilskih figura.', 'Pjesništvo negira postojeće gramatičke i logičke strukture rečenice, što je odraz kaotičnoga ratnog stanja u svijetu', 'Obilježava ga hedonistički pristup svijetu i ideja slobodnoga tjelesnog i duhovnog razvoja pojedinca', 'Obilježava ga dugotrajno nezadovoljstvo pojedinca vlastitim stanjem i težnja za nedostižnim.', 0, 0, 'Koja se od sljedećih rečenica odnosi na gongorizam?', 43, null, null, 10, null);
INSERT INTO questions (id, ansA, ansB, ansC, ansD, typeOfAnswer, correctAns, question, questionNumber, ans_img_id, question_img_id, subject_exam_year_id, super_question_id) VALUES (15, 'Majke oduvijek djecu uspješno ušuškavahu pričajući im bajke.', 'Jednolično kloparanje vagona bilo je ušuškalo djecu.', 'Konačno ušuškaše dječicu nakon napornoga dana.', 'Kad su bili ušuškali djecu, odahnuli su.', 0, 0, 'U kojoj je od sljedećih rečenica upotrijebljen imperfekt?', 60, null, null, 9, null);
INSERT INTO questions (id, ansA, ansB, ansC, ansD, typeOfAnswer, correctAns, question, questionNumber, ans_img_id, question_img_id, subject_exam_year_id, super_question_id) VALUES (16, 'It was confusing to follow', 'It was too big for one visit.', 'It was too big for one visit.', null, 0, 0, 'You hear a man talking to his friend about the exhibition he saw. What does he think about it?', 26, null, null, 3, 107);
INSERT INTO questions (id, ansA, ansB, ansC, ansD, typeOfAnswer, correctAns, question, questionNumber, ans_img_id, question_img_id, subject_exam_year_id, super_question_id) VALUES (17, 'when', 'how', 'if', null, 0, 1, '23', 15, null, null, 4, 80);
INSERT INTO questions (id, ansA, ansB, ansC, ansD, typeOfAnswer, correctAns, question, questionNumber, ans_img_id, question_img_id, subject_exam_year_id, super_question_id) VALUES (18, 'like / with / including / containing', null, null, null, 1, 0, '38', 22, null, null, 3, 85);
INSERT INTO questions (id, ansA, ansB, ansC, ansD, typeOfAnswer, correctAns, question, questionNumber, ans_img_id, question_img_id, subject_exam_year_id, super_question_id) VALUES (19, 'Povećava volumen tijekom podizanja ribe.', 'Smanjuje volumen tijekom podizanja ribe.', 'Ima ulogu primanja osjeta strujanja vode.', 'Ima ulogu spremišta metaboličke vode', 0, 0, 'Koja se od navedenih tvrdnja odnosi na plivaći (riblji) mjehur šarana?', 38, null, null, 16, null);
INSERT INTO questions (id, ansA, ansB, ansC, ansD, typeOfAnswer, correctAns, question, questionNumber, ans_img_id, question_img_id, subject_exam_year_id, super_question_id) VALUES (20, 'jer misli da slikar svojim slikama priziva vještice', 'jer njegove slike nisu primjerene za crkvu', 'jer nikomu nije dopuštao da vidi slike', 'jer je prestao slikati', 0, 1, 'Zašto prvi famulus želi da se sudi slikaru?', 24, null, null, 8, 53);
INSERT INTO questions (id, ansA, ansB, ansC, ansD, typeOfAnswer, correctAns, question, questionNumber, ans_img_id, question_img_id, subject_exam_year_id, super_question_id) VALUES (21, '68 Hz', '340 Hz', '850 Hz', '1700 Hz', 0, 3, 'Osnovna frekvencija stojnoga vala na napetoj žici učvršćenoj na obama krajevima iznosi 340 Hz. Kolika je frekvencija prikazanoga stojnog vala nastalog na istoj žici?', 20, null, 43, 13, null);
INSERT INTO questions (id, ansA, ansB, ansC, ansD, typeOfAnswer, correctAns, question, questionNumber, ans_img_id, question_img_id, subject_exam_year_id, super_question_id) VALUES (22, 'Smanjit će se sekrecija ureje i reapsorpcija amonijaka', 'Povećat će se sekrecija ureje i reapsorpcija amonijaka', 'Smanjit će se sekrecija ureje i reapsorpcija aminokiselina', 'Povećat će se sekrecija ureje i reapsorpcija aminokiselina', 0, 3, 'Kako će dugoročna konzumacija velike količine bjelanjaka kokošjih jaja utjecati na rad nefrona u bubregu zdravoga čovjeka pri uobičajenoj tjelesnoj aktivnosti?', 23, null, null, 17, null);
INSERT INTO questions (id, ansA, ansB, ansC, ansD, typeOfAnswer, correctAns, question, questionNumber, ans_img_id, question_img_id, subject_exam_year_id, super_question_id) VALUES (23, 'koš-', 'košar-', 'košarka-', 'košarkašk-', 0, 0, 'Što je korijenski morfem u riječi košarkaški?', 57, null, null, 10, null);
INSERT INTO questions (id, ansA, ansB, ansC, ansD, typeOfAnswer, correctAns, question, questionNumber, ans_img_id, question_img_id, subject_exam_year_id, super_question_id) VALUES (24, '( (x-4)^2 + (y-4)^2 = 25 )', null, null, null, 1, 0, 'Odredite jednadžbu kružnice kojom je opisan trokut ABC ako je A(8, 1), B(0, 7), C(0,1).', 37, null, null, 19, null);
INSERT INTO questions (id, ansA, ansB, ansC, ansD, typeOfAnswer, correctAns, question, questionNumber, ans_img_id, question_img_id, subject_exam_year_id, super_question_id) VALUES (25, 'stare žene', 'biblijska vremena', 'kćeri mora', 'drevne knjige', 0, 2, 'Koji je od sljedećih izraza metafora za masline?', 1, null, null, 11, 64);
INSERT INTO questions (id, ansA, ansB, ansC, ansD, typeOfAnswer, correctAns, question, questionNumber, ans_img_id, question_img_id, subject_exam_year_id, super_question_id) VALUES (26, 'Plašljiv je poput janjeta.', 'Ističe se građom tijela.', 'Pristojno se vlada.', 'Nagle je naravi', 0, 1, 'Što je od sljedećega iskazano o Romeu?', 21, null, null, 8, 54);
INSERT INTO questions (id, ansA, ansB, ansC, ansD, typeOfAnswer, correctAns, question, questionNumber, ans_img_id, question_img_id, subject_exam_year_id, super_question_id) VALUES (27, '0,267', '0,364', '0,973', '1,000', 0, 0, 'Koliki je maseni udio natrijeva klorida u zasićenoj vodenoj otopini pri 30 °C ako je u 100 mL vode otopljeno 36,4 g soli uz pretpostavku da je gustoća vode 1,0 g m/L?', 24, null, null, 6, null);
INSERT INTO questions (id, ansA, ansB, ansC, ansD, typeOfAnswer, correctAns, question, questionNumber, ans_img_id, question_img_id, subject_exam_year_id, super_question_id) VALUES (28, 'jer je želio zapisivati predavanja koja je slušao', 'jer se tako htio odužiti svojemu očuhu', 'jer je očuh teško čitao njegov rukopis', 'jer je htio postati novinar', 0, 2, 'Zašto je Maksimilijan naučio pisati na pisaćemu stroju?', 17, null, null, 11, 43);
INSERT INTO questions (id, ansA, ansB, ansC, ansD, typeOfAnswer, correctAns, question, questionNumber, ans_img_id, question_img_id, subject_exam_year_id, super_question_id) VALUES (29, 'da gotovo pomišljamo kako ona i nisu od iste tvari od koje su djeca srednjeg staleža i sirotinje.', 'U travi, kraj toga djeteta, leži divna igračka, isto tako svježa kao i lice njezina vlasnika', 'jedan od onih obespravljenih mališa na kome bi čovjek nepristrana oka mogao otkriti i ljepotu', 'Dječakovi su roditelji sigurno zbog štednje uzeli tu igračku iz samog života.', 0, 3, 'U kojemu je od sljedećih primjera upotrijebljena ironija?', 12, null, null, 9, 72);
INSERT INTO questions (id, ansA, ansB, ansC, ansD, typeOfAnswer, correctAns, question, questionNumber, ans_img_id, question_img_id, subject_exam_year_id, super_question_id) VALUES (30, 'Poznata je stvar bila da u tri župe nije bilo takvog barjaktara', 'Bio je on čovjek od oka,', 'Pa kad se još uzme u obzir njegov lugarski rang', 'Najbolje bi mu išlo u račun, kad bi pričekala bar dvije-tri nedjelje, pa onda umrla,', 0, 3, 'Koji se primjer odnosi na Markovu etičku karakterizaciju?', 15, null, null, 10, 65);
INSERT INTO questions (id, ansA, ansB, ansC, ansD, typeOfAnswer, correctAns, question, questionNumber, ans_img_id, question_img_id, subject_exam_year_id, super_question_id) VALUES (31, 'OH– i H2O', 'HCO3 – i OH–', 'H2O i H2CO3', 'H2CO3 i HCO3 –', 0, 2, 'Koji od navedenih parova predstavljaju Brønsted-Lowryjeve kiseline u zadanoj jednadžbi kemijske reakcije?', 29, null, 12, 6, null);
INSERT INTO questions (id, ansA, ansB, ansC, ansD, typeOfAnswer, correctAns, question, questionNumber, ans_img_id, question_img_id, subject_exam_year_id, super_question_id) VALUES (32, 'Razvio je model rane Zemlje.', 'Odredio je sastav Zemljine praatmosfere', 'Objasnio je postanak prve stanice u davnoj prošlosti', 'Dokazao je nastanak organskih tvari u abiotičkim uvjetima', 0, 3, 'Koji je doprinos Stanleya Millera teorijama postanka života na Zemlji?', 40, null, null, 16, null);
INSERT INTO questions (id, ansA, ansB, ansC, ansD, typeOfAnswer, correctAns, question, questionNumber, ans_img_id, question_img_id, subject_exam_year_id, super_question_id) VALUES (33, 'Naziv događaja: udar meteorita (prirodna katastrofa). Objašnjenje: Prirodna katastrofa je uzrokovala masovno izumiranje dominantnih skupina (npr. veliki gmazovi) i oslobodila je ekološke niše za sisavce.', null, null, null, 1, 0, 'Koji je događaj na prijelazu iz mezozoika u kenozoik uzrokovao velike promjene u ekološkim odnosima i omogućio značajno povećanje raznolikosti skupina organizama označenih brojevima 7, 8 i 9? Jednom rečenicom objasnite svoj odgovor. Navedi naziv događaja i objašnjenje.', 56, null, null, 16, 27);
INSERT INTO questions (id, ansA, ansB, ansC, ansD, typeOfAnswer, correctAns, question, questionNumber, ans_img_id, question_img_id, subject_exam_year_id, super_question_id) VALUES (34, 'nekad su izgledale', 'izgledale drukčije', 'vojnici sa slonovima', 'su sličili kolima', 0, 2, 'Koja je od sljedećih sintagma u sljedećoj rečenici atributna/odredbena sintagma? Šahovske figure nekad su izgledale drukčije: današnji lovci bili su vojnici sa slonovima, a topovi su sličili bornim kolima.', 63, null, null, 9, null);
INSERT INTO questions (id, ansA, ansB, ansC, ansD, typeOfAnswer, correctAns, question, questionNumber, ans_img_id, question_img_id, subject_exam_year_id, super_question_id) VALUES (35, null, null, null, null, 2, 0, 'Na slici zaokružite pokretnu vezu između nadlaktice i podlaktice.', 49, 208, null, 16, 16);
INSERT INTO questions (id, ansA, ansB, ansC, ansD, typeOfAnswer, correctAns, question, questionNumber, ans_img_id, question_img_id, subject_exam_year_id, super_question_id) VALUES (36, 'osjećaj nadmoći nad običnim ljudima', 'mudrost narodnih pripovjedaka', 'spokoj vlastitoga doma', 'divljenje drugih ljudi', 0, 2, 'Što od sljedećega lirskomu subjektu tegoban život čini podnošljivim?', 1, null, null, 8, 59);
INSERT INTO questions (id, ansA, ansB, ansC, ansD, typeOfAnswer, correctAns, question, questionNumber, ans_img_id, question_img_id, subject_exam_year_id, super_question_id) VALUES (37, null, null, null, null, 1, 0, 'Zadan je trokut ABC sa stranicama duljina |BC| = 4 cm i |AC| = 5 cm te kutom <BAC mjere 43°. Kolika je mjera kuta <ABC ?', 38, 158, null, 18, null);
INSERT INTO questions (id, ansA, ansB, ansC, ansD, typeOfAnswer, correctAns, question, questionNumber, ans_img_id, question_img_id, subject_exam_year_id, super_question_id) VALUES (38, 'Žudio je za Marijom Šabarićevom', 'Sumnjao je u uspjeh svojega plana.', 'Nije imao povjerenja u svoje sluge.', 'Potjecao je iz pekarske obitelji.', 0, 0, 'Što je od sljedećega iskazano o Alfredu Salettiju?', 7, null, null, 10, 58);
INSERT INTO questions (id, ansA, ansB, ansC, ansD, typeOfAnswer, correctAns, question, questionNumber, ans_img_id, question_img_id, subject_exam_year_id, super_question_id) VALUES (39, null, null, null, null, 2, 0, 'Prikažite Lewisovom simbolikom strukturnu formulu sulfatnoga iona.', 58, 203, null, 6, 6);
INSERT INTO questions (id, ansA, ansB, ansC, ansD, typeOfAnswer, correctAns, question, questionNumber, ans_img_id, question_img_id, subject_exam_year_id, super_question_id) VALUES (40, 'Alphonse de Lamartine', 'Arthur Rimbaud', 'Edgar Allan Poe', 'Federico Garcia Lorca', 0, 3, 'Koji je od sljedećih pjesnika pisao pod utjecajem nadrealizma?', 49, null, null, 9, null);
INSERT INTO questions (id, ansA, ansB, ansC, ansD, typeOfAnswer, correctAns, question, questionNumber, ans_img_id, question_img_id, subject_exam_year_id, super_question_id) VALUES (41, 'Večer prije odlučujuće pobjede Brođanin je bio na "sestrinu" vjenčanju', 'Petar je čvrstim stiskom nastojao ublažiti "majčin" bol u ruci.', 'U početku je Bach izvodio "bratova" i druga glazbena djela.', 'Brat nije dijelio "očevu" radost zbog njegova povratka', 0, 3, 'U kojoj je od sljedećih rečenica pridjev pod navodnicima u ženskome rodu?', 58, null, null, 8, null);
INSERT INTO questions (id, ansA, ansB, ansC, ansD, typeOfAnswer, correctAns, question, questionNumber, ans_img_id, question_img_id, subject_exam_year_id, super_question_id) VALUES (42, 'Ne sudjeluje u kućanskim poslovima', 'Kreće se u gospodskome društvu.', 'Brižan je i dobar suprug', 'Naočit je i veseo', 0, 3, 'Čime Marko izaziva divljenje muškaraca i žena?', 14, null, null, 10, 65);
INSERT INTO questions (id, ansA, ansB, ansC, ansD, typeOfAnswer, correctAns, question, questionNumber, ans_img_id, question_img_id, subject_exam_year_id, super_question_id) VALUES (43, '2', '3', '4', '6', 0, 2, 'Ako je 27'''''' = 8, koliko je 9'''''' ?', 4, null, null, 19, null);
INSERT INTO questions (id, ansA, ansB, ansC, ansD, typeOfAnswer, correctAns, question, questionNumber, ans_img_id, question_img_id, subject_exam_year_id, super_question_id) VALUES (44, 'uzajamna podrška', 'uzajamna pomoć', 'uzajamna simpatija', 'uzajamna suradnja', 0, 3, 'Koja je od sljedećih sintagma pleonazam?', 71, null, null, 10, null);
INSERT INTO questions (id, ansA, ansB, ansC, ansD, typeOfAnswer, correctAns, question, questionNumber, ans_img_id, question_img_id, subject_exam_year_id, super_question_id) VALUES (45, '4 mmol', '8 mmol', '4 mol', '8 mol', 0, 1, 'Kolika je množina dušične kiseline potrebna za potpunu neutralizaciju 200 mL vodene otopine barijeva hidroksida množinske koncentracije 0,02 mol /L?', 5, null, null, 6, null);
INSERT INTO questions (id, ansA, ansB, ansC, ansD, typeOfAnswer, correctAns, question, questionNumber, ans_img_id, question_img_id, subject_exam_year_id, super_question_id) VALUES (46, 'iz Aleksandride', 'iz Lucidara', 'iz Ljetopisa popa Dukljanina', 'iz Zapisa popa Martinca', 0, 1, 'Iz kojega je srednjovjekovnog djela sljedeći primjer? Učenik uprosi: Od česo imamo noć? Učitelj reče: Kada Slnce jest pod nami, tada jest noć.', 39, null, null, 10, null);
INSERT INTO questions (id, ansA, ansB, ansC, ansD, typeOfAnswer, correctAns, question, questionNumber, ans_img_id, question_img_id, subject_exam_year_id, super_question_id) VALUES (47, 'Svoje pustolovine posvećuje seoskoj djevojci koju naziva Dulcineom od Tobosa', 'Pjesnik je ujedno i glavni junak svoje alegorijske vizije zagrobnoga života', 'Zbog sumnja koje ga muče kraljević odgađa izvršenje osvete', 'On je div čije su prve riječi nakon rođenja bile: „Piti, piti, piti!ˮ', 0, 0, 'Koja se od sljedećih tvrdnja odnosi na don Quijotea?', 41, null, null, 10, null);
INSERT INTO questions (id, ansA, ansB, ansC, ansD, typeOfAnswer, correctAns, question, questionNumber, ans_img_id, question_img_id, subject_exam_year_id, super_question_id) VALUES (48, 'up', 'by', 'on', null, 0, 0, '22', 14, null, null, 4, 80);
INSERT INTO questions (id, ansA, ansB, ansC, ansD, typeOfAnswer, correctAns, question, questionNumber, ans_img_id, question_img_id, subject_exam_year_id, super_question_id) VALUES (49, 'Na satelite djeluju jednake centripetalne sile.', 'Sateliti imaju jednaka ophodna vremena.', 'Sateliti se gibaju jednakim brzinama.', 'Sateliti se gibaju jednakim centripetalnim ubrzanjima.', 0, 0, 'Dva satelita masa ( m_1 = 2m_2 ) gibaju se oko Zemlje po kružnim putanjama jednakih polumjera ( r_1 = r_2 ). Koja od navedenih tvrdnja ne vrijedi za gibanje satelita?', 4, null, null, 12, null);
INSERT INTO questions (id, ansA, ansB, ansC, ansD, typeOfAnswer, correctAns, question, questionNumber, ans_img_id, question_img_id, subject_exam_year_id, super_question_id) VALUES (50, 'was an only child.', 'came from a single-parent family.', 'grew up in a poor neighbourhood', null, 0, 2, 'Ben', 36, null, null, 2, 103);
INSERT INTO questions (id, ansA, ansB, ansC, ansD, typeOfAnswer, correctAns, question, questionNumber, ans_img_id, question_img_id, subject_exam_year_id, super_question_id) VALUES (51, 'jutros je donijela', 'donijela mi je', 'donijela je kolač', 'kolač s jabukama', 0, 3, 'Koja je sintagma u sljedećoj rečenici atributna/odredbena sintagma? Jutros mi je majka u krevet donijela kolač s jabukama.', 62, null, null, 8, null);
INSERT INTO questions (id, ansA, ansB, ansC, ansD, typeOfAnswer, correctAns, question, questionNumber, ans_img_id, question_img_id, subject_exam_year_id, super_question_id) VALUES (52, 'Ima dva prologa od kojih se u prvome govori o dvjema vrstama ljudi.', 'Pametan đak razotkriva mane škrtih i pohlepnih građana.', 'Neki likovi i motivi preuzeti su iz Plautove Aulularije.', 'Prati uspon i bogaćenje jedne građanske obitelji.', 0, 2, 'Koja se od sljedećih tvrdnja odnosi na Molièreovu komediju Škrtac?', 44, null, null, 8, null);
INSERT INTO questions (id, ansA, ansB, ansC, ansD, typeOfAnswer, correctAns, question, questionNumber, ans_img_id, question_img_id, subject_exam_year_id, super_question_id) VALUES (53, 'Uspjeh putovanja ovisi o tome kad se polazi na put.', 'Dječak je na ulici zamolio glumca fotografiranje.', 'Darujemo vas poklonima u povodu blagdana.', 'Potrošači ne vole kad ih lažu o proizvodima', 0, 0, 'Koja je od sljedećih rečenica gramatički točna?', 65, null, null, 11, null);
INSERT INTO questions (id, ansA, ansB, ansC, ansD, typeOfAnswer, correctAns, question, questionNumber, ans_img_id, question_img_id, subject_exam_year_id, super_question_id) VALUES (54, '0.9', '1.6', '2.4', '3.2', 0, 2, 'Čemu je jednak y u rješenju sustava jednadžba', 10, null, 92, 19, null);
INSERT INTO questions (id, ansA, ansB, ansC, ansD, typeOfAnswer, correctAns, question, questionNumber, ans_img_id, question_img_id, subject_exam_year_id, super_question_id) VALUES (55, null, null, null, null, 2, 0, 'Na optičku rešetku s 1000 zareza po milimetru upada bijela svjetlost. Pod kojim se kutom vidi prvi maksimum za ljubičastu svjetlost valne duljine 400 nm?', 29, 156, null, 12, null);
INSERT INTO questions (id, ansA, ansB, ansC, ansD, typeOfAnswer, correctAns, question, questionNumber, ans_img_id, question_img_id, subject_exam_year_id, super_question_id) VALUES (56, 'A', 'B', 'C', 'D', 0, 1, 'Koji od sljedećih primjera sadrži akrostih?', 31, null, 86, 8, null);
INSERT INTO questions (id, ansA, ansB, ansC, ansD, typeOfAnswer, correctAns, question, questionNumber, ans_img_id, question_img_id, subject_exam_year_id, super_question_id) VALUES (57, 'jer je Hanno crtao po genealoškome stablu', 'jer je Hanno uzeo majčino zlatno pero', 'jer je Hanno prekrižio svoje ime', 'jer je Hanno bio neuredan', 0, 0, 'Zašto je senator ljut na Hanna?', 12, null, null, 11, 42);
INSERT INTO questions (id, ansA, ansB, ansC, ansD, typeOfAnswer, correctAns, question, questionNumber, ans_img_id, question_img_id, subject_exam_year_id, super_question_id) VALUES (58, 'Because of her qualifications', 'Because she has experience', 'Because of her interview', null, 0, 1, 'You hear two people talking about job applicants. Why do they decide to employ Linda?', 31, null, null, 3, 107);
INSERT INTO questions (id, ansA, ansB, ansC, ansD, typeOfAnswer, correctAns, question, questionNumber, ans_img_id, question_img_id, subject_exam_year_id, super_question_id) VALUES (59, 'never', null, null, null, 1, 0, '28', 20, null, null, 4, 83);
INSERT INTO questions (id, ansA, ansB, ansC, ansD, typeOfAnswer, correctAns, question, questionNumber, ans_img_id, question_img_id, subject_exam_year_id, super_question_id) VALUES (60, 'did', null, null, null, 1, 0, '30', 22, null, null, 4, 83);
INSERT INTO questions (id, ansA, ansB, ansC, ansD, typeOfAnswer, correctAns, question, questionNumber, ans_img_id, question_img_id, subject_exam_year_id, super_question_id) VALUES (61, 'For the money', 'For the experience', 'In order to travel', null, 0, 1, 'You hear Ashton talking about his new job. Why did he choose this job?', 31, null, null, 2, 108);
INSERT INTO questions (id, ansA, ansB, ansC, ansD, typeOfAnswer, correctAns, question, questionNumber, ans_img_id, question_img_id, subject_exam_year_id, super_question_id) VALUES (62, 'baviti se književništvom od zanata', 'računati s čitaocem', 'pisati na tenane', 'dirinčiti noć na noć', 0, 2, 'Što od sljedećega autor smatra pozitivnim?', 29, null, null, 8, 51);
INSERT INTO questions (id, ansA, ansB, ansC, ansD, typeOfAnswer, correctAns, question, questionNumber, ans_img_id, question_img_id, subject_exam_year_id, super_question_id) VALUES (63, '10,21 eV', '12,75 eV', '13,06 eV', '13,60 eV', 0, 3, 'Kolika je najmanja energija potrebna za ionizaciju atoma vodika koji se nalazi u osnovnome stanju?', 23, null, null, 13, null);
INSERT INTO questions (id, ansA, ansB, ansC, ansD, typeOfAnswer, correctAns, question, questionNumber, ans_img_id, question_img_id, subject_exam_year_id, super_question_id) VALUES (64, '( (n-k)^2(n+k)^2 )', '( (n-k)^2(n^2+k^2) )', '( (n^2-k^2)(n^2+k^2) )', '( (n^2-k^2)(n+k)^2 )', 0, 3, 'Razlika kvadrata brojeva n i k pomnožena je s kvadratom zbroja brojeva n i k. Koji od navedenih izraza odgovara tomu opisu?', 14, null, null, 14, null);
INSERT INTO questions (id, ansA, ansB, ansC, ansD, typeOfAnswer, correctAns, question, questionNumber, ans_img_id, question_img_id, subject_exam_year_id, super_question_id) VALUES (65, 'kako bi ih spriječio da jedu grožđe', 'kako bi se pohvalio pred gostima', 'kako bi zabavile njegove goste', 'kako bi berači bili radosniji', 0, 0, 'Zašto je Cintek naredio djevojkama u vinogradu da pjevaju za vrijeme berbe?', 13, null, null, 11, 38);
INSERT INTO questions (id, ansA, ansB, ansC, ansD, typeOfAnswer, correctAns, question, questionNumber, ans_img_id, question_img_id, subject_exam_year_id, super_question_id) VALUES (66, 'Budući da je rano krenuo, stigao je na vrijeme', 'Krenuo je rano da stigne na vrijeme.', 'Zna se da je važno stići na vrijeme.', 'Rekao je da će stići na vrijeme', 0, 3, 'Koja je od sljedećih rečenica zavisnosložena objektna rečenica?', 64, null, null, 11, null);
INSERT INTO questions (id, ansA, ansB, ansC, ansD, typeOfAnswer, correctAns, question, questionNumber, ans_img_id, question_img_id, subject_exam_year_id, super_question_id) VALUES (67, 'U utrobi se mojoj ljuljuška more tamno. Na leđima mi šuma, što nagli trgnu srh. Dvije stijene, dva obronka postaše moji boci, A glava – gorski vrh.', 'Podne je... Kao voda tišinom razlijeva se sunčani ditiramb.', 'modri se grožđe, i zri bobulja sure smreke, niz bor se smola toči.', 'cvrči, cvrči cvrčak na čvoru crne smrče', 0, 0, 'U kojemu je od sljedećih primjera upotrijebljena hiperbola?', 35, null, null, 10, null);
INSERT INTO questions (id, ansA, ansB, ansC, ansD, typeOfAnswer, correctAns, question, questionNumber, ans_img_id, question_img_id, subject_exam_year_id, super_question_id) VALUES (68, null, null, null, null, 2, 0, 'U košarkaškoj lopti polumjera 30 cm tlak zraka iznosi 170 kPa na temperaturi 27 °C. Koliko iznosi množina zraka u lopti? Pretpostavite da je zrak idealni plin.', 27, 159, null, 12, null);
INSERT INTO questions (id, ansA, ansB, ansC, ansD, typeOfAnswer, correctAns, question, questionNumber, ans_img_id, question_img_id, subject_exam_year_id, super_question_id) VALUES (69, null, null, null, null, 1, 0, 'Napišite neku kvadratnu jednadžbu čija su rješenja različita i jedno je pet puta veće od drugoga.', 31, 139, null, 15, null);